,Sample ID,Pressure (PSI),Welding Time (ms),Angle (Deg),Force (N),Current (A),Thickness A (mm),Thickness B (mm),Material,PullTest (N),NuggetDiameter (mm),Category,Comments
0,1,35,200,0,0.0,1315.41,0.922,0.92,AISI 1010 carbon steel,2127.7,2.63,Bad,DOE
1,2,35,1500,0,0.0,1819.13,0.92,0.925,AISI 1010 carbon steel,5346.4,3.34,Good,DOE
2,3,95,1500,0,55.78,1721.98,0.944,0.927,AISI 1010 carbon steel,4293.8,4.43,Good,DOE
3,4,95,200,0,0.0,1427.04,0.912,0.924,AISI 1010 carbon steel,2350.4,2.76,Bad,DOE
4,5,95,200,0,24.85,1268.82,0.948,0.939,AISI 1010 carbon steel,2174.8,2.57,Bad,DOE
5,6,95,1500,0,0.0,1213.38,0.918,0.925,AISI 1010 carbon steel,4161.4,4.35,Good,DOE
6,7,35,1500,0,127.46,940.25,0.93,0.937,AISI 1010 carbon steel,3897.5,4.72,Good,DOE
7,8,35,200,0,0.0,1270.17,0.931,0.922,AISI 1010 carbon steel,1836.4,2.64,Bad,DOE
8,9,35,200,0,9.88,1120.53,0.932,0.928,AISI 1010 carbon steel,1932.5,2.43,Bad,DOE
9,10,35,1500,0,0.0,1175.95,0.933,0.929,AISI 1010 carbon steel,4174.4,3.77,Good,DOE
10,11,95,1500,0,54.07,1094.12,0.937,0.927,AISI 1010 carbon steel,3816.0,3.3,Good,DOE
11,12,95,200,0,0.0,1187.59,0.929,0.915,AISI 1010 carbon steel,1832.5,2.91,Bad,DOE
12,13,95,200,0,24.85,1263.38,0.92,0.928,AISI 1010 carbon steel,2255.3,2.89,Bad,DOE
13,14,95,1500,0,0.0,812.69,0.925,0.93,AISI 1010 carbon steel,3970.1,3.94,Good,DOE
14,15,35,1500,0,0.0,829.45,0.931,0.938,AISI 1010 carbon steel,5634.8,4.55,Good,DOE
15,16,35,200,0,0.0,741.88,0.936,0.927,AISI 1010 carbon steel,2509.8,2.78,Bad,DOE
16,17,95,200,15,0.0,1982.89,1.057,0.936,AISI 1010 carbon steel,2685.9,2.63,Bad,DOE
17,18,95,200,15,53.89,2173.26,0.929,0.925,AISI 1010 carbon steel,2334.7,2.96,Bad,DOE
18,19,95,1500,15,0.0,1872.25,0.953,0.936,AISI 1010 carbon steel,5806.5,4.47,Good,DOE
19,20,95,1500,15,124.0,1681.56,0.933,1.01,AISI 1010 carbon steel,5002.1,4.07,Explode,DOE
20,21,35,1500,15,132.35,1503.34,0.939,0.932,AISI 1010 carbon steel,4643.0,3.7,Explode,DOE
21,22,35,1500,15,58.13,1518.14,0.93,0.946,AISI 1010 carbon steel,4952.0,3.78,Explode,DOE
22,23,35,200,15,0.0,1022.62,0.933,0.935,AISI 1010 carbon steel,2710.5,2.68,Bad,DOE
23,24,35,200,15,10.11,1320.63,0.938,0.925,AISI 1010 carbon steel,2522.1,2.6,Bad,DOE
24,25,35,200,15,20.35,1253.82,0.933,0.927,AISI 1010 carbon steel,2867.4,2.5,Bad,DOE
25,26,35,200,15,30.61,1257.92,0.928,0.933,AISI 1010 carbon steel,2144.9,2.68,Bad,DOE
26,27,35,1500,15,0.0,1405.18,0.936,0.953,AISI 1010 carbon steel,5339.5,3.92,Good,DOE
27,28,35,1500,15,51.5,1118.99,0.939,0.93,AISI 1010 carbon steel,3855.5,2.73,Explode,DOE
28,29,95,1500,15,55.05,1275.58,0.947,0.957,AISI 1010 carbon steel,5158.6,3.7,Explode,DOE
29,30,95,1500,15,127.36,1494.16,0.949,0.994,AISI 1010 carbon steel,5277.7,3.91,Good,DOE
30,31,95,200,15,0.0,1032.66,0.946,0.939,AISI 1010 carbon steel,2667.3,2.81,Bad,DOE
31,32,95,200,15,16.64,995.34,0.94,0.945,AISI 1010 carbon steel,2764.4,2.9,Bad,DOE
32,33,95,200,15,0.0,1675.41,0.927,0.924,AISI 1010 carbon steel,2132.9,2.55,Bad,DOE
33,34,60,1000,0,77.57,1331.0,0.656,0.656,AISI 1010 carbon steel,3281.1,4.63,Good,
34,35,60,1000,0,77.25,1314.1,0.629,0.632,AISI 1010 carbon steel,3215.0,4.48,Good,
35,36,60,1000,0,77.07,1568.3,0.647,0.638,AISI 1010 carbon steel,3608.1,4.02,Good,
36,37,60,1000,0,77.37,1350.25,0.642,0.642,AISI 1010 carbon steel,3327.9,3.72,Good,
37,38,60,1000,0,77.25,1709.96,0.644,0.639,AISI 1010 carbon steel,3270.8,4.4,Good,
38,39,60,1000,0,77.17,1423.42,0.638,0.627,AISI 1010 carbon steel,3145.4,3.88,Good,
39,40,60,1000,0,77.1,1643.28,0.637,0.626,AISI 1010 carbon steel,3256.1,4.57,Good,
40,41,60,1000,0,77.0,1024.3,0.642,0.635,AISI 1010 carbon steel,3385.3,4.42,Good,
41,42,60,1000,0,77.05,1470.96,0.644,0.645,AISI 1010 carbon steel,3394.2,4.3,Good,
42,43,60,1000,0,77.16,1543.98,0.639,0.634,AISI 1010 carbon steel,3391.8,4.24,Good,
43,44,60,1000,0,77.38,1447.39,0.624,0.624,AISI 1010 carbon steel,3232.2,4.12,Good,
44,45,60,1000,0,77.49,1262.02,0.636,0.62,AISI 1010 carbon steel,3299.1,4.21,Good,
45,46,60,1000,0,77.54,1830.44,0.63,0.631,AISI 1010 carbon steel,3158.6,3.65,Good,
46,47,60,1000,0,77.78,1623.27,0.627,0.636,AISI 1010 carbon steel,3298.5,4.62,Good,
47,48,60,1000,0,77.9,855.98,0.64,0.629,AISI 1010 carbon steel,3278.2,4.22,Good,
48,49,60,1000,0,77.87,1234.46,0.656,0.64,AISI 1010 carbon steel,3245.9,3.8,Good,
49,50,60,1000,0,77.99,1170.08,0.648,0.64,AISI 1010 carbon steel,3229.2,3.92,Good,
50,51,60,1000,0,77.88,795.58,0.633,0.635,AISI 1010 carbon steel,3143.0,4.23,Good,
51,52,60,1000,0,77.82,1184.69,0.638,0.641,AISI 1010 carbon steel,3909.3,3.57,Good,
52,53,60,1000,0,83.72,1278.27,0.638,0.635,AISI 1010 carbon steel,3353.0,3.84,Good,
53,54,60,1000,0,85.58,1079.88,0.639,0.631,AISI 1010 carbon steel,3269.8,3.94,Good,
54,55,60,1000,0,83.32,1025.97,0.637,0.637,AISI 1010 carbon steel,3311.1,3.71,Good,
55,56,80,1000,0,103.45,2362.11,0.635,0.634,AISI 1010 carbon steel,3002.5,3.75,Good,
56,57,80,1000,0,102.37,1594.4,0.638,0.636,AISI 1010 carbon steel,2948.0,3.38,Good,
57,58,80,1000,0,100.52,1709.96,0.631,0.634,AISI 1010 carbon steel,2827.2,4.05,Good,
58,59,80,1000,0,99.28,2245.65,0.637,0.631,AISI 1010 carbon steel,2997.7,4.05,Good,
59,60,80,1000,0,97.12,2035.11,0.631,0.64,AISI 1010 carbon steel,2946.9,3.73,Good,
60,61,80,1000,0,96.35,1630.67,0.62,0.634,AISI 1010 carbon steel,2911.6,3.74,Good,
61,62,80,1000,0,100.91,1348.97,0.638,0.636,AISI 1010 carbon steel,2943.9,3.91,Good,
62,63,80,1000,0,101.5,1597.63,0.632,0.632,AISI 1010 carbon steel,3022.2,3.43,Good,
63,64,80,1000,0,100.04,1284.98,0.639,0.639,AISI 1010 carbon steel,2978.6,3.39,Good,
64,65,80,1000,0,103.48,2207.8,0.642,0.642,AISI 1010 carbon steel,2931.9,3.53,Good,
65,66,80,1000,0,105.04,1757.57,0.628,0.63,AISI 1010 carbon steel,2618.5,3.19,Good,
66,67,80,1000,0,104.74,1206.27,0.634,0.617,AISI 1010 carbon steel,2756.7,3.42,Good,
67,68,80,1000,0,103.99,1436.65,0.622,0.623,AISI 1010 carbon steel,2836.2,3.55,Good,
68,69,80,1000,0,103.69,1207.7,0.616,0.636,AISI 1010 carbon steel,2654.4,3.47,Good,
69,70,80,1000,0,103.65,1555.08,0.633,0.623,AISI 1010 carbon steel,2967.2,3.34,Good,
70,71,80,1000,0,104.11,1419.79,0.626,0.624,AISI 1010 carbon steel,2964.2,3.52,Good,
71,72,80,1000,0,104.87,1440.24,0.633,0.635,AISI 1010 carbon steel,2866.7,2.95,Good,
72,73,80,1000,0,105.62,1374.24,0.632,0.632,AISI 1010 carbon steel,2820.1,3.38,Good,
73,74,80,1000,0,105.78,1203.42,0.632,0.629,AISI 1010 carbon steel,3321.3,3.62,Good,
74,75,80,1000,0,105.41,1238.63,0.637,0.64,AISI 1010 carbon steel,3111.9,3.12,Good,
75,76,80,1000,0,105.32,993.61,0.64,0.635,AISI 1010 carbon steel,3078.4,3.08,Good,
76,77,80,1000,0,105.76,1711.97,0.635,0.635,AISI 1010 carbon steel,2881.7,3.43,Good,
77,78,80,1000,0,106.35,1806.79,0.645,0.64,AISI 1010 carbon steel,2878.1,3.19,Good,
78,79,80,1000,0,106.4,1332.3,0.624,0.631,AISI 1010 carbon steel,2678.9,3.35,Good,
79,80,80,1000,0,106.42,867.96,0.627,0.637,AISI 1010 carbon steel,2744.1,3.38,Good,
80,81,80,1000,0,106.6,793.42,0.63,0.63,AISI 1010 carbon steel,2647.2,2.97,Good,
81,82,80,1000,0,106.29,934.74,0.657,0.637,AISI 1010 carbon steel,3049.1,4.25,Good,
82,83,80,1000,0,106.23,816.91,0.639,0.63,AISI 1010 carbon steel,2876.9,3.51,Good,
83,84,80,1000,0,106.49,1017.56,0.641,0.622,AISI 1010 carbon steel,2741.1,3.35,Good,
84,85,80,800,0,114.5,1267.46,0.641,0.635,AISI 1010 carbon steel,2659.2,3.22,Good,
85,86,80,800,0,114.92,2260.16,0.645,0.625,AISI 1010 carbon steel,2616.1,3.22,Good,
86,87,80,800,0,115.47,2305.37,0.634,0.63,AISI 1010 carbon steel,2890.6,3.75,Good,
87,88,80,800,0,114.74,1918.53,0.616,0.629,AISI 1010 carbon steel,2976.2,3.35,Good,
88,89,80,800,0,114.05,1295.64,0.628,0.634,AISI 1010 carbon steel,2992.3,3.31,Explode,
89,90,80,800,0,114.0,1180.33,0.635,0.623,AISI 1010 carbon steel,2781.8,3.71,Good,
90,91,80,800,0,114.14,1193.37,0.645,0.653,AISI 1010 carbon steel,2843.4,3.47,Good,
91,92,80,800,0,115.02,1060.59,0.645,0.635,AISI 1010 carbon steel,2726.7,3.53,Good,
92,93,80,800,0,115.42,943.9,0.638,0.65,AISI 1010 carbon steel,2783.6,3.41,Good,
93,94,80,800,0,115.32,1073.49,0.645,0.632,AISI 1010 carbon steel,2644.8,3.28,Good,
94,95,80,800,0,115.11,1140.31,0.623,0.633,AISI 1010 carbon steel,2585.6,3.14,Good,
95,96,80,800,0,114.78,1421.0,0.634,0.636,AISI 1010 carbon steel,2996.5,3.22,Good,
96,97,80,800,0,115.0,1200.56,0.625,0.636,AISI 1010 carbon steel,2787.8,3.46,Good,
97,98,80,800,0,115.33,897.19,0.632,0.634,AISI 1010 carbon steel,2565.9,3.26,Good,
98,99,80,800,0,115.78,1238.63,0.653,0.635,AISI 1010 carbon steel,2582.0,3.09,Good,
99,100,80,800,0,115.36,1105.07,0.626,0.631,AISI 1010 carbon steel,2783.6,3.55,Good,
100,101,80,800,0,115.12,1276.92,0.625,0.631,AISI 1010 carbon steel,2683.1,3.41,Good,
101,102,80,800,0,115.56,918.03,0.629,0.628,AISI 1010 carbon steel,2757.8,3.45,Good,
102,103,80,800,0,115.78,1060.59,0.631,0.63,AISI 1010 carbon steel,2657.4,3.22,Good,
103,104,80,800,0,115.91,1401.5,0.628,0.635,AISI 1010 carbon steel,2578.4,2.99,Good,
104,105,80,800,0,115.94,1030.99,0.632,0.634,AISI 1010 carbon steel,2777.6,3.37,Good,
105,106,80,800,0,116.01,746.51,0.639,0.637,AISI 1010 carbon steel,2702.2,3.34,Good,
106,107,80,800,0,116.1,1150.82,0.638,0.64,AISI 1010 carbon steel,2652.0,3.1,Good,
107,108,80,800,0,116.0,1565.0,0.636,0.639,AISI 1010 carbon steel,2665.1,3.14,Good,
108,109,80,800,0,115.89,1312.79,0.638,0.632,AISI 1010 carbon steel,2580.8,3.75,Good,
109,110,80,800,0,115.77,1484.93,0.642,0.634,AISI 1010 carbon steel,2981.5,3.2,Good,
110,111,80,800,0,115.55,1568.3,0.638,0.634,AISI 1010 carbon steel,2832.0,2.96,Good,
111,112,80,800,0,115.48,1578.14,0.634,0.635,AISI 1010 carbon steel,2594.0,3.28,Good,
112,113,80,800,0,115.65,1150.82,0.632,0.632,AISI 1010 carbon steel,2511.4,3.02,Good,
113,114,80,800,0,115.92,1467.45,0.646,0.651,AISI 1010 carbon steel,3062.9,3.28,Good,
114,115,80,800,0,116.0,711.11,0.633,0.629,AISI 1010 carbon steel,2809.9,3.44,Good,
115,116,80,800,0,115.97,1255.19,0.633,0.64,AISI 1010 carbon steel,2643.0,3.07,Good,
116,117,80,800,0,116.03,639.81,0.632,0.634,AISI 1010 carbon steel,2760.2,3.73,Good,
117,118,80,800,0,115.95,835.65,0.635,0.635,AISI 1010 carbon steel,2692.7,3.42,Good,
118,119,80,800,0,115.88,1306.22,0.627,0.641,AISI 1010 carbon steel,2685.5,3.28,Good,
119,120,80,800,0,115.9,837.7,0.637,0.623,AISI 1010 carbon steel,2796.1,3.3,Good,
120,121,80,800,0,115.89,873.88,0.623,0.637,AISI 1010 carbon steel,2677.7,3.25,Good,
121,122,80,800,0,115.21,1611.57,0.624,0.631,AISI 1010 carbon steel,2723.2,3.24,Good,
122,123,80,800,0,114.04,1749.73,0.632,0.665,AISI 1010 carbon steel,2770.0,2.95,Good,
123,124,80,800,0,112.38,1334.87,0.632,0.624,AISI 1010 carbon steel,3025.2,3.0,Good,
124,125,80,800,0,112.75,1307.54,0.637,0.644,AISI 1010 carbon steel,2963.0,3.44,Good,
125,126,80,800,0,114.64,1935.48,0.625,0.634,AISI 1010 carbon steel,2726.7,3.28,Good,
126,127,80,800,0,113.81,1270.17,0.625,0.626,AISI 1010 carbon steel,3123.9,3.45,Good,
127,128,80,800,0,114.05,1055.72,0.634,0.633,AISI 1010 carbon steel,2437.3,2.91,Good,
128,129,80,800,0,115.0,1149.32,0.645,0.64,AISI 1010 carbon steel,2884.1,3.31,Good,
129,130,80,800,0,114.68,1187.59,0.629,0.641,AISI 1010 carbon steel,2787.2,3.4,Good,
130,131,80,800,0,114.29,1044.25,0.637,0.622,AISI 1010 carbon steel,2725.6,3.72,Good,
131,132,80,800,0,114.45,965.52,0.634,0.639,AISI 1010 carbon steel,2804.5,3.52,Good,
132,133,80,800,0,114.42,1147.82,0.623,0.634,AISI 1010 carbon steel,2726.1,3.62,Good,
133,134,80,800,0,114.62,1050.82,0.636,0.648,AISI 1010 carbon steel,2834.4,3.72,Good,
134,135,80,800,0,114.64,1416.15,0.639,0.635,AISI 1010 carbon steel,2541.9,3.19,Good,
135,136,80,600,0,103.91,2349.7,0.639,0.628,AISI 1010 carbon steel,3051.5,3.83,Good,
136,137,80,600,0,104.81,2502.83,0.62,0.622,AISI 1010 carbon steel,2674.1,3.37,Good,
137,138,80,600,0,104.74,1990.68,0.623,0.616,AISI 1010 carbon steel,2704.5,3.27,Good,
138,139,80,600,0,103.97,2161.35,0.624,0.619,AISI 1010 carbon steel,2823.6,2.86,Good,
139,140,80,600,0,104.25,1917.63,0.621,0.626,AISI 1010 carbon steel,2614.3,3.15,Good,
140,141,80,600,0,104.47,1720.99,0.618,0.622,AISI 1010 carbon steel,2813.5,3.3,Good,
141,142,80,600,0,105.04,1971.58,0.614,0.619,AISI 1010 carbon steel,2645.4,3.26,Good,
142,143,80,600,0,106.3,1982.89,0.625,0.628,AISI 1010 carbon steel,2743.5,3.17,Good,
143,144,80,600,0,107.66,1308.85,0.618,0.619,AISI 1010 carbon steel,2707.6,3.38,Good,
144,145,80,600,0,107.76,1885.97,0.617,0.617,AISI 1010 carbon steel,2816.5,3.53,Good,
145,146,80,600,0,107.73,2207.03,0.62,0.62,AISI 1010 carbon steel,2744.7,3.65,Good,
146,147,80,600,0,107.67,1904.13,0.616,0.618,AISI 1010 carbon steel,2762.0,3.22,Good,
147,148,80,600,0,107.9,1816.29,0.62,0.612,AISI 1010 carbon steel,2743.9,3.3,Good,
148,149,80,600,0,107.84,1374.24,0.616,0.617,AISI 1010 carbon steel,2812.3,3.48,Good,
149,150,80,600,0,107.53,1778.97,0.619,0.624,AISI 1010 carbon steel,2918.9,3.15,Good,
150,151,80,600,0,107.7,1748.75,0.623,0.615,AISI 1010 carbon steel,2666.9,3.1,Good,
151,152,80,600,0,107.74,1905.03,0.623,0.618,AISI 1010 carbon steel,2680.1,2.98,Good,
152,153,80,600,0,107.61,1724.98,0.638,0.635,AISI 1010 carbon steel,2771.0,3.1,Good,
153,154,80,600,0,107.34,1575.96,0.636,0.638,AISI 1010 carbon steel,2587.4,3.33,Good,
154,155,80,600,0,107.28,1745.79,0.647,0.629,AISI 1010 carbon steel,2618.5,3.1,Good,
155,156,80,600,0,107.27,1579.23,0.625,0.634,AISI 1010 carbon steel,2655.0,3.27,Good,
156,157,80,600,0,107.52,1337.45,0.642,0.646,AISI 1010 carbon steel,2583.2,2.83,Good,
157,158,80,600,0,107.85,2486.97,0.641,0.627,AISI 1010 carbon steel,2695.6,3.39,Good,
158,159,80,600,0,107.85,2022.4,0.633,0.638,AISI 1010 carbon steel,2582.0,2.87,Good,
159,160,80,600,0,107.63,1855.64,0.623,0.623,AISI 1010 carbon steel,2686.1,3.54,Good,
160,161,80,600,0,107.79,1996.72,0.615,0.622,AISI 1010 carbon steel,2706.4,3.65,Good,
161,162,80,600,0,108.15,927.35,0.618,0.628,AISI 1010 carbon steel,2830.2,3.52,Explode,
162,163,80,600,0,108.45,1103.51,0.641,0.638,AISI 1010 carbon steel,2781.8,3.67,Good,
163,164,80,600,0,108.14,1776.07,0.631,0.636,AISI 1010 carbon steel,2752.5,3.18,Good,
164,165,80,600,0,107.87,1725.98,0.635,0.638,AISI 1010 carbon steel,2735.7,3.39,Good,
165,166,80,600,0,108.27,3195.27,0.639,0.637,AISI 1010 carbon steel,2726.1,3.3,Good,
166,167,80,600,0,108.37,3001.53,0.642,0.637,AISI 1010 carbon steel,2734.5,3.34,Good,
167,168,80,600,0,107.87,2326.9,0.64,0.631,AISI 1010 carbon steel,2531.8,3.0,Good,
168,169,80,600,0,108.26,2509.0,0.634,0.636,AISI 1010 carbon steel,2678.9,3.37,Good,
169,170,80,600,0,108.7,2772.15,0.629,0.632,AISI 1010 carbon steel,2816.5,3.58,Good,
170,171,80,600,0,108.7,2755.97,0.637,0.634,AISI 1010 carbon steel,2775.2,3.41,Good,
171,172,80,600,0,108.27,2509.0,0.632,0.633,AISI 1010 carbon steel,2803.3,3.69,Good,
172,173,80,600,0,108.07,2538.31,0.636,0.631,AISI 1010 carbon steel,2849.4,3.44,Good,
173,174,80,600,0,108.42,2534.92,0.631,0.637,AISI 1010 carbon steel,2710.6,3.3,Good,
174,175,80,600,0,108.66,2532.88,0.625,0.64,AISI 1010 carbon steel,2769.8,4.02,Good,
175,176,80,600,0,108.58,2656.19,0.64,0.634,AISI 1010 carbon steel,2768.6,3.6,Good,
176,177,80,600,0,108.29,1879.58,0.64,0.635,AISI 1010 carbon steel,2955.2,3.42,Good,
177,178,80,600,0,108.12,1786.69,0.641,0.636,AISI 1010 carbon steel,2701.0,3.39,Good,
178,179,80,600,0,108.26,2159.76,0.632,0.636,AISI 1010 carbon steel,2743.5,3.35,Good,
179,180,80,600,0,108.28,2483.51,0.629,0.625,AISI 1010 carbon steel,2802.1,3.85,Good,
180,181,80,600,0,108.11,2174.84,0.635,0.64,AISI 1010 carbon steel,2782.4,3.4,Good,
181,182,80,600,0,107.87,1768.31,0.636,0.633,AISI 1010 carbon steel,2765.0,3.49,Good,
182,183,80,600,0,108.14,2227.19,0.634,0.629,AISI 1010 carbon steel,2783.0,3.63,Good,
183,184,80,600,0,108.39,2849.86,0.637,0.633,AISI 1010 carbon steel,2731.5,3.29,Good,
184,185,80,600,0,108.73,2117.13,0.632,0.629,AISI 1010 carbon steel,2731.5,3.57,Good,
185,186,60,400,0,91.63,1455.68,0.635,0.633,AISI 1010 carbon steel,3081.4,3.49,Good,
186,187,60,400,0,91.82,1086.23,0.639,0.63,AISI 1010 carbon steel,2814.7,3.47,Good,
187,188,60,400,0,92.12,1141.81,0.64,0.617,AISI 1010 carbon steel,2908.6,3.22,Good,
188,189,60,400,0,91.91,1079.88,0.64,0.633,AISI 1010 carbon steel,2634.6,2.7,Bad,
189,190,60,400,0,91.37,1257.92,0.642,0.636,AISI 1010 carbon steel,2766.2,3.03,Good,
190,191,60,400,0,91.98,899.1,0.64,0.637,AISI 1010 carbon steel,3056.3,3.4,Good,
191,192,60,400,0,91.89,1486.08,0.646,0.634,AISI 1010 carbon steel,2737.5,3.19,Good,
192,193,60,400,0,91.98,1147.82,0.638,0.642,AISI 1010 carbon steel,2774.6,3.23,Good,
193,194,60,400,0,91.93,1320.63,0.627,0.632,AISI 1010 carbon steel,2879.3,3.24,Good,
194,195,60,400,0,91.89,1382.97,0.631,0.635,AISI 1010 carbon steel,2912.8,3.4,Good,
195,196,60,400,0,92.1,1489.55,0.617,0.627,AISI 1010 carbon steel,2608.9,3.53,Good,
196,197,60,400,0,92.19,1645.37,0.63,0.637,AISI 1010 carbon steel,2760.2,3.35,Good,
197,198,60,400,0,92.09,1696.83,0.63,0.622,AISI 1010 carbon steel,2665.1,3.41,Good,
198,199,60,400,0,91.96,1761.48,0.637,0.634,AISI 1010 carbon steel,2723.2,3.65,Good,
199,200,60,400,0,91.8,2045.23,0.629,0.624,AISI 1010 carbon steel,2795.5,3.53,Good,
200,201,60,400,0,91.97,1988.09,0.634,0.637,AISI 1010 carbon steel,2706.4,3.28,Good,
201,202,60,400,0,92.27,1931.04,0.635,0.631,AISI 1010 carbon steel,2703.4,3.0,Good,
202,203,60,400,0,92.69,1830.44,0.643,0.631,AISI 1010 carbon steel,2727.9,3.16,Good,
203,204,60,400,0,92.77,1486.08,0.638,0.639,AISI 1010 carbon steel,2714.2,3.5,Good,
204,205,60,400,0,92.92,1769.28,0.642,0.635,AISI 1010 carbon steel,2933.7,3.41,Good,
205,206,60,400,0,93.11,1895.07,0.637,0.633,AISI 1010 carbon steel,2735.1,3.42,Good,
206,207,60,400,0,93.42,1435.45,0.627,0.629,AISI 1010 carbon steel,2888.5,3.64,Good,
207,208,60,400,0,93.45,1905.03,0.639,0.633,AISI 1010 carbon steel,2814.1,3.19,Good,
208,209,60,400,0,93.46,1002.23,0.639,0.642,AISI 1010 carbon steel,2852.9,3.54,Good,
209,210,60,400,0,93.16,1786.69,0.636,0.632,AISI 1010 carbon steel,2714.8,3.7,Good,
210,211,60,400,0,92.96,1694.8,0.631,0.627,AISI 1010 carbon steel,2720.2,3.52,Good,
211,212,60,400,0,92.94,1655.79,0.626,0.629,AISI 1010 carbon steel,2719.6,3.25,Good,
212,213,60,400,0,93.04,2475.88,0.633,0.629,AISI 1010 carbon steel,2719.6,3.44,Good,
213,214,60,400,0,93.27,2030.04,0.637,0.633,AISI 1010 carbon steel,2743.5,3.42,Good,
214,215,60,400,0,93.58,1120.53,0.63,0.632,AISI 1010 carbon steel,2757.8,2.95,Good,
215,216,60,400,0,93.47,2759.09,0.633,0.634,AISI 1010 carbon steel,2664.5,3.37,Good,
216,217,60,400,0,93.53,1748.75,0.632,0.639,AISI 1010 carbon steel,2969.0,3.16,Good,
217,218,60,400,0,93.17,2085.21,0.637,0.632,AISI 1010 carbon steel,2741.7,3.41,Good,
218,219,60,400,0,92.92,1870.41,0.621,0.632,AISI 1010 carbon steel,2748.3,3.38,Good,
219,220,60,400,0,93.0,1790.54,0.633,0.631,AISI 1010 carbon steel,2604.1,3.22,Good,
220,221,60,400,0,92.98,1754.64,0.64,0.622,AISI 1010 carbon steel,2787.2,3.6,Good,
221,222,60,400,0,93.0,1765.39,0.636,0.641,AISI 1010 carbon steel,2750.7,3.43,Good,
222,223,60,400,0,93.13,1612.64,0.631,0.631,AISI 1010 carbon steel,2830.0,3.23,Good,
223,224,60,400,0,93.02,1828.56,0.614,0.628,AISI 1010 carbon steel,2649.6,3.6,Good,
224,225,60,400,0,93.02,1573.77,0.636,0.639,AISI 1010 carbon steel,2829.6,3.5,Explode,
225,226,60,400,0,93.1,2125.24,0.641,0.633,AISI 1010 carbon steel,2729.7,3.02,Good,
226,227,60,400,0,93.18,1650.59,0.628,0.635,AISI 1010 carbon steel,2762.0,3.61,Good,
227,228,60,400,0,93.13,1271.52,0.619,0.642,AISI 1010 carbon steel,2808.7,3.53,Good,
228,229,60,400,0,92.83,1385.46,0.638,0.634,AISI 1010 carbon steel,2701.6,3.52,Good,
229,230,60,400,0,92.54,1532.8,0.628,0.633,AISI 1010 carbon steel,2783.6,3.44,Good,
230,231,60,400,0,92.63,1877.75,0.637,0.627,AISI 1010 carbon steel,2678.9,3.58,Good,
231,232,60,400,0,92.64,1644.32,0.638,0.629,AISI 1010 carbon steel,2620.3,3.24,Good,
232,233,60,400,0,92.56,1447.39,0.638,0.632,AISI 1010 carbon steel,2896.6,3.55,Good,
233,234,60,400,0,92.61,1679.51,0.64,0.633,AISI 1010 carbon steel,2588.0,3.29,Good,
234,235,60,400,0,92.55,1712.97,0.628,0.634,AISI 1010 carbon steel,2616.7,3.07,Bad,
235,236,60,1000,15,78.25,1917.63,0.623,0.63,AISI 1010 carbon steel,3140.6,4.31,Good,
236,237,60,1000,15,75.36,2389.62,0.636,0.639,AISI 1010 carbon steel,3228.6,3.61,Good,
237,238,60,1000,15,76.1,2562.59,0.632,0.635,AISI 1010 carbon steel,3229.2,3.48,Good,
238,239,60,1000,15,75.71,2282.12,0.624,0.625,AISI 1010 carbon steel,3216.0,3.66,Good,
239,240,60,1000,15,77.09,2038.49,0.634,0.633,AISI 1010 carbon steel,3232.8,3.5,Good,
240,241,60,1000,15,76.86,1952.3,0.638,0.634,AISI 1010 carbon steel,3219.6,3.46,Good,
241,242,60,1000,15,76.59,2711.94,0.637,0.635,AISI 1010 carbon steel,3217.8,3.73,Good,
242,243,60,1000,15,76.0,2240.28,0.627,0.637,AISI 1010 carbon steel,3228.6,3.85,Good,
243,244,60,1000,15,75.16,2073.63,0.639,0.639,AISI 1010 carbon steel,3242.3,4.57,Good,
244,245,60,1000,15,73.84,1931.93,0.641,0.633,AISI 1010 carbon steel,3124.5,3.66,Good,
245,246,60,1000,15,73.42,2122.81,0.64,0.63,AISI 1010 carbon steel,3039.0,3.33,Good,
246,247,60,1000,15,73.38,1748.75,0.644,0.631,AISI 1010 carbon steel,3242.3,3.55,Good,
247,248,60,1000,15,76.44,1788.62,0.635,0.635,AISI 1010 carbon steel,3121.5,3.52,Good,
248,249,60,1000,15,77.06,1567.2,0.631,0.635,AISI 1010 carbon steel,3172.9,4.19,Good,
249,250,60,1000,15,-99.0,-99.0,0.633,0.628,AISI 1010 carbon steel,3148.4,3.83,Good,Communication error
250,251,60,1000,15,73.29,1812.5,0.624,0.634,AISI 1010 carbon steel,3040.2,3.68,Good,
251,252,60,1000,15,-99.0,-99.0,0.639,0.633,AISI 1010 carbon steel,3168.2,3.39,Good,Communication error
252,253,60,1000,15,73.48,1860.26,0.641,0.638,AISI 1010 carbon steel,3251.9,4.12,Good,
253,254,60,1000,15,73.79,2230.28,0.628,0.634,AISI 1010 carbon steel,3095.8,3.39,Good,
254,255,60,1000,15,73.78,2503.51,0.63,0.64,AISI 1010 carbon steel,3167.0,3.3,Good,
255,256,60,1000,15,73.24,2014.73,0.623,0.632,AISI 1010 carbon steel,3016.2,3.54,Good,
256,257,60,1000,15,73.23,2825.62,0.633,0.629,AISI 1010 carbon steel,3163.4,3.29,Good,
257,258,60,1000,15,73.45,1838.88,0.641,0.637,AISI 1010 carbon steel,3188.5,3.9,Good,
258,259,60,1000,15,73.31,2015.58,0.635,0.633,AISI 1010 carbon steel,3056.6,3.36,Good,
259,260,60,1000,15,73.22,2433.13,0.633,0.626,AISI 1010 carbon steel,3098.8,3.61,Good,
260,261,60,1000,15,73.38,2343.11,0.633,0.631,AISI 1010 carbon steel,3013.7,3.57,Good,
261,262,60,1000,15,73.59,2436.67,0.635,0.632,AISI 1010 carbon steel,3162.8,3.67,Good,
262,263,60,1000,15,73.7,2749.73,0.63,0.646,AISI 1010 carbon steel,3056.3,3.98,Good,
263,264,60,1000,15,73.91,2224.88,0.636,0.638,AISI 1010 carbon steel,3226.8,3.72,Good,
264,265,60,1000,15,74.02,2085.21,0.637,0.637,AISI 1010 carbon steel,3152.0,3.7,Good,
265,266,60,1000,15,73.98,2488.35,0.635,0.638,AISI 1010 carbon steel,3128.7,3.77,Good,
266,267,60,1000,15,74.03,2696.67,0.625,0.631,AISI 1010 carbon steel,3091.0,3.69,Good,
267,268,60,1000,15,74.17,2938.41,0.641,0.639,AISI 1010 carbon steel,3053.3,3.68,Good,
268,269,60,1000,15,74.09,2515.85,0.643,0.642,AISI 1010 carbon steel,3220.8,3.62,Good,
269,270,60,1000,15,74.13,2099.18,0.632,0.641,AISI 1010 carbon steel,3076.0,3.47,Good,
270,271,60,1000,15,75.9,2644.5,0.647,0.64,AISI 1010 carbon steel,3151.2,3.65,Good,
271,272,60,1000,15,77.83,2445.12,0.638,0.631,AISI 1010 carbon steel,3160.4,3.57,Good,
272,273,60,1000,15,78.72,2351.9,0.639,0.623,AISI 1010 carbon steel,2953.4,3.39,Good,
273,274,60,1000,15,79.39,2098.36,0.622,0.618,AISI 1010 carbon steel,3089.2,3.76,Good,
274,275,60,1000,15,80.2,2714.47,0.611,0.62,AISI 1010 carbon steel,3053.9,3.67,Good,
275,276,60,1000,15,79.8,2493.19,0.625,0.623,AISI 1010 carbon steel,2970.2,3.49,Good,
276,277,60,1000,15,79.77,2604.53,0.614,0.615,AISI 1010 carbon steel,3088.6,3.79,Good,
277,278,60,1000,15,79.84,2654.89,0.62,0.621,AISI 1010 carbon steel,2922.3,3.68,Good,
278,279,60,1000,15,79.69,2903.08,0.613,0.618,AISI 1010 carbon steel,3008.5,3.49,Good,
279,280,60,1000,15,79.28,2829.27,0.622,0.613,AISI 1010 carbon steel,3115.5,3.88,Good,
280,281,60,1000,15,78.38,2514.48,0.617,0.62,AISI 1010 carbon steel,3117.3,3.68,Good,
281,282,60,1000,15,77.64,2538.99,0.622,0.612,AISI 1010 carbon steel,3001.9,4.24,Good,
282,283,60,1000,15,77.02,2703.04,0.615,0.61,AISI 1010 carbon steel,3113.1,3.83,Good,
283,284,60,1000,15,76.78,2508.32,0.624,0.619,AISI 1010 carbon steel,3107.1,3.28,Good,
284,285,60,1000,15,76.69,2644.5,0.627,0.63,AISI 1010 carbon steel,3155.6,3.55,Good,
285,286,60,800,15,74.68,2386.02,0.623,0.62,AISI 1010 carbon steel,3136.5,3.99,Good,
286,287,60,800,15,74.58,2512.43,0.628,0.629,AISI 1010 carbon steel,3192.7,3.82,Good,
287,288,60,800,15,74.85,2799.93,0.618,0.623,AISI 1010 carbon steel,3208.2,3.82,Good,
288,289,60,800,15,74.69,2531.52,0.629,0.629,AISI 1010 carbon steel,3135.3,3.73,Good,
289,290,60,800,15,74.82,2750.35,0.625,0.628,AISI 1010 carbon steel,3175.3,3.66,Good,
290,291,60,800,15,75.17,2463.34,0.628,0.623,AISI 1010 carbon steel,3250.1,4.03,Good,
291,292,60,800,15,75.27,2777.11,0.633,0.628,AISI 1010 carbon steel,2828.4,3.43,Good,
292,293,60,800,15,75.02,2547.78,0.62,0.615,AISI 1010 carbon steel,2806.9,3.34,Good,
293,294,60,800,15,75.01,1990.68,0.621,0.621,AISI 1010 carbon steel,3050.9,3.68,Good,
294,295,60,800,15,74.93,1433.05,0.625,0.628,AISI 1010 carbon steel,3098.8,3.71,Good,
295,296,60,800,15,75.08,1881.41,0.629,0.623,AISI 1010 carbon steel,3152.6,3.56,Good,
296,297,60,800,15,74.87,1486.08,0.622,0.622,AISI 1010 carbon steel,3016.2,3.73,Good,
297,298,60,800,15,74.83,1822.91,0.637,0.626,AISI 1010 carbon steel,3168.8,3.6,Good,
298,299,60,800,15,75.06,1267.46,0.631,0.615,AISI 1010 carbon steel,3039.6,3.3,Good,
299,300,60,800,15,80.75,3426.95,0.613,0.622,AISI 1010 carbon steel,2746.5,3.87,Good,
300,301,60,800,15,80.49,2190.6,0.62,0.62,AISI 1010 carbon steel,3017.4,3.57,Good,
301,302,60,800,15,80.96,2878.09,0.631,0.625,AISI 1010 carbon steel,3061.1,3.72,Good,
302,303,60,800,15,80.49,2433.13,0.632,0.631,AISI 1010 carbon steel,3039.6,3.59,Good,
303,304,60,800,15,80.51,2309.84,0.626,0.628,AISI 1010 carbon steel,3084.4,3.59,Good,
304,305,60,800,15,80.97,2450.04,0.628,0.62,AISI 1010 carbon steel,3114.3,3.7,Good,
305,306,60,800,15,81.25,2724.59,0.629,0.627,AISI 1010 carbon steel,3104.8,3.59,Good,
306,307,60,800,15,80.22,2285.89,0.631,0.62,AISI 1010 carbon steel,2866.1,3.67,Good,
307,308,60,800,15,79.88,2505.57,0.621,0.627,AISI 1010 carbon steel,3196.9,3.65,Explode,
308,309,60,800,15,79.76,2871.51,0.617,0.623,AISI 1010 carbon steel,3042.6,3.58,Good,
309,310,60,800,15,79.15,1442.62,0.627,0.62,AISI 1010 carbon steel,3073.7,3.39,Good,
310,311,60,800,15,78.68,1843.55,0.631,0.632,AISI 1010 carbon steel,2978.0,3.65,Good,
311,312,60,800,15,78.68,1237.24,0.628,0.633,AISI 1010 carbon steel,3159.8,4.28,Good,
312,313,60,800,15,78.98,2975.06,0.632,0.63,AISI 1010 carbon steel,3236.9,3.45,Good,
313,314,60,800,15,78.63,1986.36,0.63,0.624,AISI 1010 carbon steel,3062.3,3.72,Good,
314,315,60,800,15,78.0,2056.97,0.632,0.624,AISI 1010 carbon steel,3079.6,3.89,Good,
315,316,60,800,15,77.8,2632.12,0.633,0.624,AISI 1010 carbon steel,3104.8,3.36,Good,
316,317,60,800,15,77.93,2492.5,0.631,0.623,AISI 1010 carbon steel,1881.6,2.44,Explode,
317,318,60,800,15,78.41,3583.48,0.633,0.632,AISI 1010 carbon steel,3132.3,3.74,Good,
318,319,60,800,15,78.07,2991.78,0.634,0.618,AISI 1010 carbon steel,3031.2,3.59,Good,
319,320,60,800,15,80.75,1983.76,0.632,0.632,AISI 1010 carbon steel,3012.0,3.8,Good,
320,321,60,800,15,82.81,3227.41,0.631,0.628,AISI 1010 carbon steel,3177.7,3.66,Good,
321,322,60,800,15,81.34,2718.27,0.632,0.628,AISI 1010 carbon steel,3111.9,3.64,Good,
322,323,60,800,15,80.37,2745.97,0.627,0.63,AISI 1010 carbon steel,3106.5,4.05,Explode,
323,324,60,800,15,79.66,1912.24,0.632,0.624,AISI 1010 carbon steel,3025.2,3.58,Explode,
324,325,60,800,15,79.16,2418.24,0.632,0.624,AISI 1010 carbon steel,3015.0,3.54,Good,
325,326,60,800,15,79.07,2729.64,0.623,0.631,AISI 1010 carbon steel,3042.6,3.58,Good,
326,327,60,800,15,78.98,1690.74,0.627,0.63,AISI 1010 carbon steel,3101.8,3.82,Good,
327,328,60,800,15,78.91,2239.52,0.621,0.629,AISI 1010 carbon steel,3037.2,3.6,Good,
328,329,60,800,15,78.94,1356.6,0.626,0.637,AISI 1010 carbon steel,3068.9,3.53,Good,
329,330,60,800,15,79.01,1830.44,0.638,0.622,AISI 1010 carbon steel,2956.4,3.44,Good,
330,331,60,800,15,81.57,1242.79,0.625,0.629,AISI 1010 carbon steel,3091.0,3.42,Good,
331,332,60,800,15,83.46,2543.05,0.63,0.633,AISI 1010 carbon steel,2835.0,3.57,Good,
332,333,60,800,15,82.22,2928.44,0.628,0.644,AISI 1010 carbon steel,3069.5,3.8,Good,
333,334,60,800,15,81.73,3099.08,0.62,0.631,AISI 1010 carbon steel,3027.6,3.58,Explode,
334,335,60,800,15,81.31,2509.0,0.626,0.623,AISI 1010 carbon steel,3113.1,3.45,Good,
335,336,60,600,15,89.22,2675.54,0.624,0.627,AISI 1010 carbon steel,2948.0,3.22,Good,
336,337,60,600,15,89.26,1849.14,0.627,0.621,AISI 1010 carbon steel,3073.7,3.69,Explode,
337,338,60,600,15,89.23,3085.18,0.625,0.621,AISI 1010 carbon steel,2817.7,3.23,Good,
338,339,60,600,15,89.21,2704.95,0.636,0.62,AISI 1010 carbon steel,2647.8,3.48,Good,
339,340,60,600,15,89.31,2876.29,0.625,0.624,AISI 1010 carbon steel,2834.4,3.63,Good,
340,341,60,600,15,89.26,3023.8,0.631,0.635,AISI 1010 carbon steel,3100.6,3.47,Good,
341,342,60,600,15,89.48,2708.13,0.629,0.63,AISI 1010 carbon steel,3108.3,3.69,Good,
342,343,60,600,15,89.73,2899.52,0.633,0.625,AISI 1010 carbon steel,2755.5,3.26,Good,
343,344,60,600,15,89.95,1990.68,0.62,0.62,AISI 1010 carbon steel,2774.6,3.21,Good,
344,345,60,600,15,90.03,2577.31,0.624,0.62,AISI 1010 carbon steel,3109.5,4.15,Good,
345,346,60,600,15,90.02,2371.56,0.629,0.615,AISI 1010 carbon steel,3032.4,3.56,Good,
346,347,60,600,15,90.18,2083.56,0.621,0.62,AISI 1010 carbon steel,3062.9,3.27,Good,
347,348,60,600,15,90.53,2663.3,0.627,0.625,AISI 1010 carbon steel,3096.4,3.34,Good,
348,349,60,600,15,91.71,2952.43,0.626,0.622,AISI 1010 carbon steel,3088.6,3.54,Explode,
349,350,60,600,15,92.26,2648.4,0.626,0.622,AISI 1010 carbon steel,2854.1,3.52,Good,
350,351,60,600,15,91.63,2906.04,0.622,0.617,AISI 1010 carbon steel,2910.4,3.48,Good,
351,352,60,600,15,91.02,2252.54,0.619,0.624,AISI 1010 carbon steel,2754.3,3.56,Good,
352,353,60,600,15,92.27,3093.53,0.632,0.618,AISI 1010 carbon steel,2882.9,3.32,Good,
353,354,60,600,15,93.58,2944.84,0.616,0.612,AISI 1010 carbon steel,2617.3,3.44,Good,
354,355,60,600,15,94.66,2259.4,0.622,0.622,AISI 1010 carbon steel,2821.2,3.17,Good,
355,356,60,600,15,94.47,2604.53,0.615,0.616,AISI 1010 carbon steel,2786.6,3.73,Good,
356,357,60,600,15,94.6,2798.71,0.617,0.614,AISI 1010 carbon steel,2940.3,3.53,Good,
357,358,60,600,15,94.87,2431.72,0.618,0.613,AISI 1010 carbon steel,2730.3,3.19,Good,
358,359,60,600,15,94.52,2273.81,0.622,0.623,AISI 1010 carbon steel,2788.4,3.48,Good,
359,360,60,600,15,93.83,2153.38,0.632,0.618,AISI 1010 carbon steel,3069.5,3.36,Good,
360,361,60,600,15,94.25,2228.74,0.62,0.615,AISI 1010 carbon steel,2611.3,3.26,Good,
361,362,60,600,15,94.78,2233.36,0.637,0.633,AISI 1010 carbon steel,2840.4,3.58,Good,
362,363,60,600,15,94.9,2801.16,0.621,0.614,AISI 1010 carbon steel,2780.6,3.54,Good,
363,364,60,600,15,94.91,2929.03,0.628,0.624,AISI 1010 carbon steel,3040.8,3.49,Good,
364,365,60,600,15,95.07,2367.21,0.638,0.632,AISI 1010 carbon steel,2940.3,3.28,Good,
365,366,60,600,15,95.1,2521.31,0.628,0.625,AISI 1010 carbon steel,3061.1,3.1,Good,
366,367,60,600,15,94.99,2748.47,0.625,0.639,AISI 1010 carbon steel,3080.2,3.42,Good,
367,368,60,600,15,94.69,2571.97,0.618,0.615,AISI 1010 carbon steel,3104.2,3.64,Explode,
368,369,60,600,15,94.67,3206.55,0.613,0.624,AISI 1010 carbon steel,2857.1,3.63,Explode,
369,370,60,600,15,94.56,2982.56,0.625,0.624,AISI 1010 carbon steel,2976.2,3.43,Good,
370,371,60,600,15,94.31,2663.3,0.621,0.631,AISI 1010 carbon steel,2979.2,3.37,Explode,
371,372,60,600,15,93.57,2848.65,0.631,0.627,AISI 1010 carbon steel,3054.5,3.65,Good,
372,373,60,600,15,93.19,2960.57,0.614,0.623,AISI 1010 carbon steel,1726.1,3.57,Explode,
373,374,60,600,15,93.21,2659.42,0.622,0.613,AISI 1010 carbon steel,3097.6,3.43,Explode,
374,375,60,600,15,93.58,3417.4,0.625,0.629,AISI 1010 carbon steel,3152.0,3.35,Good,
375,376,60,600,15,93.9,3224.21,0.619,0.634,AISI 1010 carbon steel,3033.0,3.3,Good,
376,377,60,600,15,93.86,3057.74,0.618,0.626,AISI 1010 carbon steel,3139.4,4.02,Good,
377,378,60,600,15,94.3,2501.45,0.623,0.652,AISI 1010 carbon steel,2168.1,3.42,Explode,
378,379,60,600,15,94.98,2367.93,0.625,0.618,AISI 1010 carbon steel,3140.0,3.93,Good,
379,380,60,600,15,94.95,2285.13,0.627,0.622,AISI 1010 carbon steel,3222.6,3.26,Good,
380,381,60,600,15,95.0,2363.57,0.621,0.622,AISI 1010 carbon steel,3107.7,3.58,Good,
381,382,60,600,15,94.91,2320.24,0.613,0.623,AISI 1010 carbon steel,2969.0,3.68,Good,
382,383,60,600,15,95.51,2073.63,0.626,0.622,AISI 1010 carbon steel,2617.3,4.06,Good,
383,384,60,600,15,95.59,1854.71,0.636,0.616,AISI 1010 carbon steel,3160.4,3.41,Good,
384,385,60,600,15,95.52,2197.65,0.619,0.623,AISI 1010 carbon steel,3131.7,3.47,Explode,
385,386,60,600,15,95.48,2511.06,0.625,0.617,AISI 1010 carbon steel,2855.3,3.81,Good,
386,387,60,400,15,95.11,2828.05,0.625,0.621,AISI 1010 carbon steel,3050.3,3.7,Good,
387,388,60,400,15,95.95,2517.22,0.626,0.622,AISI 1010 carbon steel,3063.5,3.98,Good,
388,389,60,400,15,95.09,2442.31,0.635,0.624,AISI 1010 carbon steel,2936.7,3.51,Good,
389,390,60,400,15,95.2,2885.25,0.626,0.62,AISI 1010 carbon steel,2961.2,3.48,Good,
390,391,60,400,15,95.18,3003.25,0.619,0.647,AISI 1010 carbon steel,2957.0,3.62,Explode,
391,392,60,400,15,95.18,2590.62,0.632,0.622,AISI 1010 carbon steel,3040.2,3.31,Good,
392,393,60,400,15,95.26,2705.59,0.618,0.618,AISI 1010 carbon steel,2521.6,3.23,Good,
393,394,60,400,15,95.38,2597.25,0.626,0.622,AISI 1010 carbon steel,2672.3,3.36,Good,
394,395,60,400,15,95.52,2665.88,0.614,0.618,AISI 1010 carbon steel,2882.9,3.27,Good,
395,396,60,400,15,95.44,2857.09,0.626,0.616,AISI 1010 carbon steel,2830.2,3.52,Good,
396,397,60,400,15,95.37,2456.35,0.621,0.622,AISI 1010 carbon steel,3049.1,3.12,Good,
397,398,60,400,15,95.12,2348.97,0.633,0.619,AISI 1010 carbon steel,3079.6,3.25,Good,
398,399,60,400,15,94.8,3117.9,0.617,0.624,AISI 1010 carbon steel,2870.9,3.48,Good,
399,400,60,400,15,94.83,2591.95,0.613,0.608,AISI 1010 carbon steel,1775.7,2.37,Bad,
400,401,60,400,15,94.99,2980.83,0.618,0.62,AISI 1010 carbon steel,2933.7,3.07,Explode,
401,402,60,400,15,95.11,1673.35,0.617,0.62,AISI 1010 carbon steel,3143.0,4.01,Good,
402,403,60,400,15,94.82,1129.7,0.622,0.627,AISI 1010 carbon steel,3028.8,3.75,Good,
403,404,60,400,15,94.64,1307.54,0.628,0.613,AISI 1010 carbon steel,3030.6,3.26,Good,
404,405,60,400,15,94.52,1572.68,0.631,0.621,AISI 1010 carbon steel,2960.6,3.98,Good,
405,406,60,400,15,94.52,1325.82,0.625,0.621,AISI 1010 carbon steel,2888.8,3.57,Good,
406,407,60,400,15,94.77,1614.77,0.624,0.628,AISI 1010 carbon steel,2927.1,3.65,Good,
407,408,60,400,15,94.88,1411.29,0.628,0.627,AISI 1010 carbon steel,2906.8,3.63,Good,
408,409,60,400,15,94.86,1112.82,0.622,0.628,AISI 1010 carbon steel,2817.7,3.16,Good,
409,410,60,400,15,95.09,1324.53,0.634,0.623,AISI 1010 carbon steel,3015.0,3.94,Good,
410,411,60,400,15,95.09,1146.32,0.625,0.63,AISI 1010 carbon steel,3111.9,4.05,Good,
411,412,60,400,15,95.31,1129.7,0.627,0.623,AISI 1010 carbon steel,2797.9,3.28,Good,
412,413,60,400,15,95.42,1384.21,0.627,0.628,AISI 1010 carbon steel,2726.7,2.9,Good,
413,414,60,400,15,95.51,1894.16,0.628,0.66,AISI 1010 carbon steel,2958.2,3.8,Good,
414,415,60,400,15,95.59,1370.48,0.631,0.635,AISI 1010 carbon steel,2820.7,3.25,Good,
415,416,60,400,15,95.86,1973.33,0.633,0.629,AISI 1010 carbon steel,2863.7,3.44,Good,
416,417,60,400,15,95.86,2131.7,0.62,0.628,AISI 1010 carbon steel,2905.0,3.78,Good,
417,418,60,400,15,95.87,1336.16,0.636,0.623,AISI 1010 carbon steel,2846.4,3.4,Good,
418,419,60,400,15,95.9,1778.97,0.624,0.623,AISI 1010 carbon steel,2795.5,3.47,Good,
419,420,60,400,15,95.69,1489.55,0.635,0.621,AISI 1010 carbon steel,2756.1,3.69,Good,
420,421,60,400,15,95.76,1529.43,0.637,0.629,AISI 1010 carbon steel,2848.8,3.75,Good,
421,422,60,400,15,95.82,1325.82,0.626,0.63,AISI 1010 carbon steel,2899.0,3.11,Explode,
422,423,60,400,15,95.78,974.38,0.628,0.626,AISI 1010 carbon steel,2836.8,3.59,Good,
423,424,60,400,15,95.86,1075.09,0.623,0.623,AISI 1010 carbon steel,1793.7,2.59,Explode,
424,425,60,400,15,96.03,1327.12,0.623,0.625,AISI 1010 carbon steel,3070.1,3.62,Explode,
425,426,60,400,15,96.2,1678.49,0.634,0.617,AISI 1010 carbon steel,2955.8,3.42,Good,
426,427,60,400,15,96.23,1630.67,0.63,0.623,AISI 1010 carbon steel,2800.3,3.59,Good,
427,428,60,400,15,96.23,1563.91,0.618,0.626,AISI 1010 carbon steel,2836.8,3.63,Good,
428,429,60,400,15,96.06,1517.01,0.628,0.627,AISI 1010 carbon steel,2820.7,3.28,Good,
429,430,60,400,15,96.09,1312.79,0.61,0.644,AISI 1010 carbon steel,2766.2,3.29,Good,
430,431,60,400,15,95.99,1450.95,0.62,0.61,AISI 1010 carbon steel,2748.3,3.1,Good,
431,432,60,400,15,95.8,1488.4,0.619,0.633,AISI 1010 carbon steel,2880.5,3.84,Good,
432,433,60,400,15,95.91,1294.32,0.623,0.62,AISI 1010 carbon steel,2760.2,3.29,Good,
433,434,60,400,15,95.96,1392.88,0.628,0.625,AISI 1010 carbon steel,2817.7,3.64,Good,
434,435,60,400,15,96.1,1737.89,0.67,0.628,AISI 1010 carbon steel,2756.7,3.04,Good,
435,436,60,1200,15,95.0,1642.23,0.632,0.627,AISI 1010 carbon steel,3266.8,3.8,Good,
436,437,60,1200,15,95.18,1531.68,0.625,0.627,AISI 1010 carbon steel,3192.1,3.41,Good,
437,438,60,1200,15,94.98,1094.12,0.628,0.63,AISI 1010 carbon steel,3250.1,3.7,Good,
438,439,60,1200,15,94.71,1209.12,0.631,0.633,AISI 1010 carbon steel,3253.7,3.58,Good,
439,440,60,1200,15,94.76,1593.32,0.631,0.632,AISI 1010 carbon steel,3222.6,3.81,Good,
440,441,60,1200,15,95.03,1860.26,0.618,0.618,AISI 1010 carbon steel,3156.2,3.88,Good,
441,442,60,1200,15,94.9,2477.27,0.624,0.631,AISI 1010 carbon steel,3158.6,3.58,Good,
442,443,60,1200,15,94.95,1848.21,0.638,0.626,AISI 1010 carbon steel,2863.7,3.94,Good,
443,444,60,1200,15,95.0,1601.94,0.625,0.623,AISI 1010 carbon steel,3106.5,3.56,Good,
444,445,60,1200,15,95.2,2232.59,0.617,0.622,AISI 1010 carbon steel,2983.9,3.45,Good,
445,446,60,1200,15,95.34,2987.17,0.616,0.614,AISI 1010 carbon steel,3174.7,3.51,Good,
446,447,60,1200,15,95.32,2567.28,0.62,0.615,AISI 1010 carbon steel,3018.6,3.78,Good,
447,448,60,1200,15,95.56,2107.36,0.621,0.62,AISI 1010 carbon steel,3164.0,3.72,Good,
448,449,60,1200,15,95.26,2433.84,0.615,0.61,AISI 1010 carbon steel,2976.8,3.66,Good,
449,450,60,1200,15,95.44,2007.89,0.619,0.617,AISI 1010 carbon steel,3116.1,3.52,Good,
450,451,60,1200,15,95.67,1217.63,0.622,0.614,AISI 1010 carbon steel,3158.0,3.66,Good,
451,452,60,1200,15,95.71,1845.41,0.619,0.626,AISI 1010 carbon steel,2897.8,3.63,Good,
452,453,60,1200,15,95.6,1589.0,0.614,0.616,AISI 1010 carbon steel,3152.6,4.48,Good,
453,454,60,1200,15,95.6,1929.25,0.62,0.612,AISI 1010 carbon steel,3080.2,3.71,Good,
454,455,60,1200,15,95.62,1569.39,0.624,0.612,AISI 1010 carbon steel,2927.7,3.86,Good,
455,456,60,1200,15,95.63,1190.49,0.616,0.621,AISI 1010 carbon steel,3049.1,4.44,Good,
456,457,60,1200,15,95.77,1565.0,0.625,0.624,AISI 1010 carbon steel,3047.9,3.37,Good,
457,458,60,1200,15,95.83,1878.66,0.619,0.614,AISI 1010 carbon steel,2934.3,3.69,Good,
458,459,60,1200,15,95.99,1493.01,0.614,0.617,AISI 1010 carbon steel,3192.7,3.94,Good,
459,460,60,1200,15,96.01,1809.65,0.616,0.611,AISI 1010 carbon steel,3090.4,3.51,Good,
460,461,60,1200,15,95.77,2003.6,0.631,0.667,AISI 1010 carbon steel,3188.5,4.17,Good,
461,462,60,1200,15,96.12,1736.9,0.632,0.631,AISI 1010 carbon steel,3241.1,3.9,Good,
462,463,60,1200,15,95.95,2041.02,0.623,0.627,AISI 1010 carbon steel,3186.7,4.06,Good,
463,464,60,1200,15,96.27,1560.6,0.666,0.619,AISI 1010 carbon steel,3070.1,3.65,Good,
464,465,60,1200,15,96.24,1530.56,0.619,0.629,AISI 1010 carbon steel,3178.9,3.99,Good,
465,466,60,1200,0,96.23,2344.57,0.644,0.626,AISI 1010 carbon steel,2791.9,3.77,Good,
466,467,60,1200,0,96.12,1612.64,0.621,0.631,AISI 1010 carbon steel,2979.2,3.75,Good,
467,468,60,1200,0,97.46,2119.57,0.624,0.627,AISI 1010 carbon steel,2865.5,3.85,Good,
468,469,60,1200,0,97.25,2346.04,0.621,0.625,AISI 1010 carbon steel,2937.9,3.57,Good,
469,470,60,1200,0,96.85,3335.38,0.634,0.625,AISI 1010 carbon steel,3028.8,3.38,Good,
470,471,60,1200,0,97.32,3314.17,0.623,0.63,AISI 1010 carbon steel,2860.7,3.32,Good,
471,472,60,1200,0,97.34,2558.56,0.616,0.629,AISI 1010 carbon steel,2730.3,2.93,Good,
472,473,60,1200,0,97.87,2701.13,0.63,0.622,AISI 1010 carbon steel,2994.1,3.32,Good,
473,474,60,1200,0,98.42,2320.24,0.627,0.626,AISI 1010 carbon steel,2902.6,3.59,Good,
474,475,60,1200,0,98.38,2575.31,0.619,0.624,AISI 1010 carbon steel,3000.7,3.64,Good,
475,476,60,1200,0,98.19,2148.58,0.627,0.616,AISI 1010 carbon steel,2835.0,4.12,Good,
476,477,60,1200,0,98.02,2390.34,0.624,0.621,AISI 1010 carbon steel,2878.7,3.89,Good,
477,478,60,1200,0,98.42,2700.5,0.631,0.617,AISI 1010 carbon steel,1720.7,2.62,Explode,
478,479,60,1200,0,98.09,1806.79,0.623,0.619,AISI 1010 carbon steel,3110.1,4.3,Good,
479,480,60,1200,0,98.19,2103.28,0.624,0.626,AISI 1010 carbon steel,1410.3,1.9,Bad,
480,481,60,1200,0,98.48,2283.63,0.621,0.623,AISI 1010 carbon steel,3060.5,4.56,Good,
481,482,60,1200,0,98.18,2821.35,0.612,0.622,AISI 1010 carbon steel,2816.5,4.06,Good,
482,483,60,1200,0,97.12,3196.88,0.63,0.628,AISI 1010 carbon steel,2978.6,3.93,Good,
483,484,60,1200,0,97.5,3227.94,0.629,0.62,AISI 1010 carbon steel,2925.3,3.6,Good,
484,485,60,1200,0,97.74,2990.63,0.623,0.625,AISI 1010 carbon steel,2426.5,3.96,Good,
485,486,60,1200,0,97.26,3311.58,0.625,0.624,AISI 1010 carbon steel,2878.7,3.66,Good,
486,487,60,1200,0,98.02,2264.72,0.632,0.627,AISI 1010 carbon steel,3186.7,4.3,Good,
487,488,60,1200,0,98.34,2730.9,0.625,0.622,AISI 1010 carbon steel,3141.8,3.58,Explode,
488,489,60,1200,0,98.49,2658.13,0.625,0.624,AISI 1010 carbon steel,2054.5,3.55,Explode,
489,490,60,1200,0,98.12,2605.85,0.622,0.632,AISI 1010 carbon steel,2312.3,3.44,Explode,
490,491,60,1200,0,97.37,2340.17,0.647,0.624,AISI 1010 carbon steel,3077.8,4.33,Good,
491,492,60,1200,0,98.26,2495.94,0.666,0.633,AISI 1010 carbon steel,3105.4,4.35,Good,
492,493,60,1200,0,97.99,2583.31,0.615,0.619,AISI 1010 carbon steel,2730.3,3.58,Good,
493,494,60,1200,0,97.05,2431.01,0.62,0.624,AISI 1010 carbon steel,2897.8,3.5,Good,
494,495,60,1200,0,96.34,2355.55,0.631,0.621,AISI 1010 carbon steel,3100.0,3.56,Good,
