Sample ID,Pressure (PSI),Welding Time (ms),Angle (Deg),Force (N),Current (A),Thickness A (mm),Thickness B (mm),Material,PullTest (N),NuggetDiameter (mm),Category,Comments,Thickness A+B (mm),Thickness_min (mm),F_pull_from_nugget,F_pull_from_thickness
2,35,1500,0,52.25,2014.73,0.92,0.925,AISI 1010 carbon steel,5346.4,3.34,Good,DOE,1.845,0.92,1918.7877175996496,2531.872351381086
3,95,1500,0,123.36,1063.83,0.944,0.927,AISI 1010 carbon steel,4293.8,4.43,Good,DOE,1.871,0.927,3375.5259312920293,2551.136597532898
4,95,200,0,16.57,1321.93,0.912,0.924,AISI 1010 carbon steel,2350.4,2.76,Bad,DOE,1.836,0.912,1310.2439418397116,2509.856070064729
5,95,200,0,41.42,1615.83,0.948,0.939,AISI 1010 carbon steel,2174.8,2.57,Bad,DOE,1.887,0.939,1136.0573161438133,2584.1610195074345
8,35,200,0,6.58,1171.55,0.931,0.922,AISI 1010 carbon steel,1836.4,2.64,Bad,DOE,1.853,0.922,1198.7865176756536,2537.3764217101757
9,35,200,0,16.47,1083.06,0.932,0.928,AISI 1010 carbon steel,1932.5,2.43,Bad,DOE,1.86,0.928,1015.6557776949847,2553.8886326974434
11,95,1500,0,129.13,1112.82,0.937,0.927,AISI 1010 carbon steel,3816.0,3.3,Good,DOE,1.864,0.927,1873.103933868208,2551.136597532898
14,95,1500,0,124.16,1078.29,0.925,0.93,AISI 1010 carbon steel,3970.1,3.94,Good,DOE,1.855,0.925,2670.0933175203413,2545.6325272038093
15,35,1500,0,46.58,1123.59,0.931,0.938,AISI 1010 carbon steel,5634.8,4.55,Good,DOE,1.869,0.931,3560.8754996241123,2562.144738191077
28,35,1500,15,55.03,1168.61,0.939,0.93,AISI 1010 carbon steel,3855.5,2.73,Explode,DOE,1.869,0.93,1281.9151798646803,2559.392703026533
29,95,1500,15,122.48,1252.44,0.947,0.957,AISI 1010 carbon steel,5158.6,3.7,Explode,DOE,1.904,0.947,2354.710087663524,2606.1773008237915
31,95,200,15,8.31,1075.09,0.946,0.939,AISI 1010 carbon steel,2667.3,2.81,Bad,DOE,1.885,0.939,1358.1465539225676,2584.1610195074345
34,60,1000,0,77.33,3211.91,0.656,0.656,AISI 1010 carbon steel,3281.1,4.63,Good,,1.312,0.656,3687.1939136767123,1805.3350679412968
37,60,1000,0,77.29,3591.63,0.642,0.642,AISI 1010 carbon steel,3327.9,3.72,Good,,1.284,0.642,2380.2352138146757,1766.8065756376711
38,60,1000,0,77.18,3085.18,0.644,0.639,AISI 1010 carbon steel,3270.8,4.4,Good,,1.283,0.639,3329.962549099038,1758.5504701440373
39,60,1000,0,77.14,3447.46,0.638,0.627,AISI 1010 carbon steel,3145.4,3.88,Good,,1.265,0.627,2589.3898863200693,1725.526048169501
40,60,1000,0,77.04,2992.93,0.637,0.626,AISI 1010 carbon steel,3256.1,4.57,Good,,1.263,0.626,3592.248700499922,1722.774013004956
43,60,1000,0,77.39,2983.72,0.639,0.634,AISI 1010 carbon steel,3391.8,4.24,Good,,1.273,0.634,3092.186710882379,1744.7902943213132
45,60,1000,0,77.53,2857.7,0.636,0.62,AISI 1010 carbon steel,3299.1,4.21,Good,,1.256,0.62,3048.5841537441243,1706.2618020176888
46,60,1000,0,77.78,3348.76,0.63,0.631,AISI 1010 carbon steel,3158.6,3.65,Good,,1.261,0.63,2291.499279977889,1733.782153663135
50,60,1000,0,77.92,3050.42,0.648,0.64,AISI 1010 carbon steel,3229.2,3.92,Good,,1.288,0.64,2643.05457202869,1761.3025053085817
52,60,1000,0,77.75,2890.61,0.638,0.641,AISI 1010 carbon steel,3909.3,3.57,Good,,1.279,0.638,2192.150810537826,1755.798434979492
53,60,1000,0,85.48,2510.37,0.638,0.635,AISI 1010 carbon steel,3353.0,3.84,Good,,1.273,0.635,2536.2756076443575,1747.5423294858583
54,60,1000,0,85.49,2288.14,0.639,0.631,AISI 1010 carbon steel,3269.8,3.94,Good,,1.27,0.631,2670.0933175203413,1736.5341888276796
55,60,1000,0,82.83,2442.31,0.637,0.637,AISI 1010 carbon steel,3311.1,3.71,Good,,1.274,0.637,2367.455450519321,1753.046399814948
56,80,1000,0,102.48,3816.83,0.635,0.634,AISI 1010 carbon steel,3002.5,3.75,Good,,1.269,0.634,2418.780906338079,1744.7902943213132
60,80,1000,0,96.29,3615.49,0.631,0.64,AISI 1010 carbon steel,2946.9,3.73,Good,,1.271,0.631,2393.0493775495866,1736.5341888276796
61,80,1000,0,100.69,3379.44,0.62,0.634,AISI 1010 carbon steel,2911.6,3.74,Good,,1.254,0.62,2405.897941724055,1706.2618020176888
63,80,1000,0,100.02,3437.47,0.632,0.632,AISI 1010 carbon steel,3022.2,3.43,Good,,1.264,0.632,2023.588656709466,1739.2862239922247
66,80,1000,0,104.78,3866.08,0.628,0.63,AISI 1010 carbon steel,2618.5,3.19,Good,,1.258,0.628,1750.3115648701814,1728.2780833340457
67,80,1000,0,104.09,3323.5,0.634,0.617,AISI 1010 carbon steel,2756.7,3.42,Good,,1.251,0.617,2011.806506161259,1698.0056965240544
69,80,1000,0,103.65,3215.12,0.616,0.636,AISI 1010 carbon steel,2654.4,3.47,Good,,1.252,0.616,2071.0612632978614,1695.2536613595103
71,80,1000,0,104.82,3291.78,0.626,0.624,AISI 1010 carbon steel,2964.2,3.52,Good,,1.25,0.624,2131.176031423384,1717.2699426758668
74,80,1000,0,105.43,2978.53,0.632,0.629,AISI 1010 carbon steel,3321.3,3.62,Good,,1.261,0.629,2253.985600641189,1731.0301184985906
77,80,1000,0,106.34,3056.61,0.635,0.635,AISI 1010 carbon steel,2881.7,3.43,Good,,1.27,0.635,2023.588656709466,1747.5423294858583
84,80,1000,0,106.71,3342.59,0.641,0.622,AISI 1010 carbon steel,2741.1,3.35,Good,,1.263,0.622,1930.2946646314022,1711.7658723467775
85,80,800,0,114.77,3367.71,0.641,0.635,AISI 1010 carbon steel,2659.2,3.22,Good,,1.276,0.635,1783.3875875040526,1747.5423294858583
87,80,800,0,114.86,3745.87,0.634,0.63,AISI 1010 carbon steel,2890.6,3.75,Good,,1.264,0.63,2418.780906338079,1733.782153663135
91,80,800,0,114.95,3068.97,0.645,0.653,AISI 1010 carbon steel,2843.4,3.47,Good,,1.298,0.645,2071.0612632978614,1775.062681131305
92,80,800,0,115.4,3074.57,0.645,0.635,AISI 1010 carbon steel,2726.7,3.53,Good,,1.28,0.635,2143.3021863671584,1747.5423294858583
93,80,800,0,115.36,3487.64,0.638,0.65,AISI 1010 carbon steel,2783.6,3.41,Good,,1.288,0.638,2000.0587560526096,1755.798434979492
95,80,800,0,114.79,3100.19,0.623,0.633,AISI 1010 carbon steel,2585.6,3.14,Good,,1.256,0.623,1695.8728692715324,1714.5179075113228
99,80,800,0,115.37,3366.69,0.653,0.635,AISI 1010 carbon steel,2582.0,3.09,Good,,1.288,0.635,1642.2941846618035,1747.5423294858583
101,80,800,0,115.54,2929.03,0.625,0.631,AISI 1010 carbon steel,2683.1,3.41,Good,,1.256,0.625,2000.0587560526096,1720.021977840412
102,80,800,0,115.75,3398.72,0.629,0.628,AISI 1010 carbon steel,2757.8,3.45,Good,,1.257,0.628,2047.25615912455,1728.2780833340457
103,80,800,0,115.91,3560.85,0.631,0.63,AISI 1010 carbon steel,2657.4,3.22,Good,,1.261,0.63,1783.3875875040526,1733.782153663135
104,80,800,0,115.94,3088.52,0.628,0.635,AISI 1010 carbon steel,2578.4,2.99,Good,,1.263,0.628,1537.7168484091067,1728.2780833340457
106,80,800,0,116.1,3162.81,0.639,0.637,AISI 1010 carbon steel,2702.2,3.34,Good,,1.276,0.637,1918.7877175996496,1753.046399814948
107,80,800,0,116.01,3104.63,0.638,0.64,AISI 1010 carbon steel,2652.0,3.1,Good,,1.278,0.638,1652.941120704636,1755.798434979492
109,80,800,0,115.8,3371.29,0.638,0.632,AISI 1010 carbon steel,2580.8,3.75,Good,,1.27,0.632,2418.780906338079,1739.2862239922247
110,80,800,0,115.6,3074.57,0.642,0.634,AISI 1010 carbon steel,2981.5,3.2,Good,,1.276,0.634,1761.3025053085817,1744.7902943213132
111,80,800,0,115.49,3371.8,0.638,0.634,AISI 1010 carbon steel,2832.0,2.96,Good,,1.272,0.634,1507.014456104655,1744.7902943213132
112,80,800,0,115.61,3100.19,0.634,0.635,AISI 1010 carbon steel,2594.0,3.28,Good,,1.269,0.634,1850.4684446398282,1744.7902943213132
113,80,800,0,115.92,3435.47,0.632,0.632,AISI 1010 carbon steel,2511.4,3.02,Good,,1.264,0.632,1568.728844669569,1739.2862239922247
114,80,800,0,115.99,3034.59,0.646,0.651,AISI 1010 carbon steel,3062.9,3.28,Good,,1.2970000000000002,0.646,1850.4684446398282,1777.8147162958494
115,80,800,0,115.98,3086.29,0.633,0.629,AISI 1010 carbon steel,2809.9,3.44,Good,,1.262,0.629,2035.4052076972296,1731.0301184985906
116,80,800,0,116.04,3104.63,0.633,0.64,AISI 1010 carbon steel,2643.0,3.07,Good,,1.273,0.633,1621.1035138948096,1742.038259156769
118,80,800,0,115.91,3470.34,0.635,0.635,AISI 1010 carbon steel,2692.7,3.42,Good,,1.27,0.635,2011.806506161259,1747.5423294858583
119,80,800,0,115.91,2965.79,0.627,0.641,AISI 1010 carbon steel,2685.5,3.28,Good,,1.268,0.627,1850.4684446398282,1725.526048169501
122,80,800,0,114.15,3298.04,0.624,0.631,AISI 1010 carbon steel,2723.2,3.24,Good,,1.255,0.624,1805.6102714577507,1717.2699426758668
123,80,800,0,112.38,3333.32,0.632,0.665,AISI 1010 carbon steel,2770.0,2.95,Good,,1.2970000000000002,0.632,1496.8491262156185,1739.2862239922247
125,80,800,0,114.64,3127.81,0.637,0.644,AISI 1010 carbon steel,2963.0,3.44,Good,,1.281,0.637,2035.4052076972296,1753.046399814948
126,80,800,0,113.8,3341.56,0.625,0.634,AISI 1010 carbon steel,2726.7,3.28,Good,,1.259,0.625,1850.4684446398282,1720.021977840412
132,80,800,0,114.38,3430.46,0.634,0.639,AISI 1010 carbon steel,2804.5,3.52,Good,,1.273,0.634,2131.176031423384,1744.7902943213132
133,80,800,0,114.68,3150.28,0.623,0.634,AISI 1010 carbon steel,2726.1,3.62,Good,,1.257,0.623,2253.985600641189,1714.5179075113228
134,80,800,0,114.71,2983.72,0.636,0.648,AISI 1010 carbon steel,2834.4,3.72,Good,,1.284,0.636,2380.2352138146757,1750.294364650403
135,80,800,0,114.26,3178.0,0.639,0.635,AISI 1010 carbon steel,2541.9,3.19,Good,,1.274,0.635,1750.3115648701814,1747.5423294858583
138,80,600,0,103.95,4029.03,0.623,0.616,AISI 1010 carbon steel,2704.5,3.27,Good,,1.239,0.616,1839.202300684974,1695.2536613595103
139,80,600,0,104.29,3240.7,0.624,0.619,AISI 1010 carbon steel,2823.6,2.86,Good,,1.243,0.619,1406.909176994343,1703.509766853144
140,80,600,0,104.3,3290.74,0.621,0.626,AISI 1010 carbon steel,2614.3,3.15,Good,,1.247,0.621,1706.6918075121484,1709.013837182233
141,80,600,0,105.0,3010.69,0.618,0.622,AISI 1010 carbon steel,2813.5,3.3,Good,,1.24,0.618,1873.103933868208,1700.757731688599
143,80,600,0,107.55,3275.54,0.625,0.628,AISI 1010 carbon steel,2743.5,3.17,Good,,1.253,0.625,1728.4328853120514,1720.021977840412
144,80,600,0,107.83,2973.32,0.618,0.619,AISI 1010 carbon steel,2707.6,3.38,Good,,1.237,0.618,1965.0219083639997,1700.757731688599
146,80,600,0,107.67,2936.65,0.62,0.62,AISI 1010 carbon steel,2744.7,3.65,Good,,1.24,0.62,2291.499279977889,1706.2618020176888
147,80,600,0,107.91,3023.8,0.616,0.618,AISI 1010 carbon steel,2762.0,3.22,Good,,1.234,0.616,1783.3875875040526,1695.2536613595103
148,80,600,0,107.86,2882.27,0.62,0.612,AISI 1010 carbon steel,2743.9,3.3,Good,,1.232,0.612,1873.103933868208,1684.2455207013315
149,80,600,0,107.57,2807.91,0.616,0.617,AISI 1010 carbon steel,2812.3,3.48,Good,,1.233,0.616,2083.015416043852,1695.2536613595103
150,80,600,0,107.7,3483.69,0.619,0.624,AISI 1010 carbon steel,2918.9,3.15,Good,,1.243,0.619,1706.6918075121484,1703.509766853144
151,80,600,0,107.74,3224.74,0.623,0.615,AISI 1010 carbon steel,2666.9,3.1,Good,,1.238,0.615,1652.941120704636,1692.5016261949654
152,80,600,0,107.67,3523.46,0.623,0.618,AISI 1010 carbon steel,2680.1,2.98,Good,,1.241,0.618,1527.4483172013993,1700.757731688599
154,80,600,0,107.31,2722.06,0.636,0.638,AISI 1010 carbon steel,2587.4,3.33,Good,,1.274,0.636,1907.3151710074544,1750.294364650403
156,80,600,0,107.45,2809.75,0.625,0.634,AISI 1010 carbon steel,2655.0,3.27,Good,,1.259,0.625,1839.202300684974,1720.021977840412
157,80,600,0,107.87,3192.58,0.642,0.646,AISI 1010 carbon steel,2583.2,2.83,Good,,1.288,0.642,1377.5484018326074,1766.8065756376711
162,80,600,0,108.36,2734.04,0.618,0.628,AISI 1010 carbon steel,2830.2,3.52,Explode,,1.246,0.618,2131.176031423384,1700.757731688599
163,80,600,0,108.21,3085.18,0.641,0.638,AISI 1010 carbon steel,2781.8,3.67,Good,,1.279,0.638,2316.680401733472,1755.798434979492
164,80,600,0,107.82,3155.19,0.631,0.636,AISI 1010 carbon steel,2752.5,3.18,Good,,1.267,0.631,1739.355024871338,1736.5341888276796
165,80,600,0,108.34,3983.52,0.635,0.638,AISI 1010 carbon steel,2735.7,3.39,Good,,1.273,0.635,1976.6664571539795,1747.5423294858583
167,80,600,0,107.89,3474.3,0.642,0.637,AISI 1010 carbon steel,2734.5,3.34,Good,,1.279,0.637,1918.7877175996496,1753.046399814948
168,80,600,0,108.17,3725.15,0.64,0.631,AISI 1010 carbon steel,2531.8,3.0,Good,,1.271,0.631,1548.0197800563706,1736.5341888276796
169,80,600,0,108.59,3415.89,0.634,0.636,AISI 1010 carbon steel,2678.9,3.37,Good,,1.27,0.634,1953.4117600135774,1744.7902943213132
172,80,600,0,108.09,3905.03,0.632,0.633,AISI 1010 carbon steel,2803.3,3.69,Good,,1.265,0.632,2341.999125247283,1739.2862239922247
173,80,600,0,108.36,4029.88,0.636,0.631,AISI 1010 carbon steel,2849.4,3.44,Good,,1.267,0.631,2035.4052076972296,1736.5341888276796
175,80,600,0,108.68,4017.06,0.625,0.64,AISI 1010 carbon steel,2769.8,4.02,Good,,1.265,0.625,2779.6243170692183,1720.021977840412
176,80,600,0,108.45,3701.99,0.64,0.634,AISI 1010 carbon steel,2768.6,3.6,Good,,1.274,0.634,2229.148483281174,1744.7902943213132
177,80,600,0,108.11,3079.04,0.64,0.635,AISI 1010 carbon steel,2955.2,3.42,Good,,1.275,0.635,2011.806506161259,1747.5423294858583
179,80,600,0,108.3,4010.63,0.632,0.636,AISI 1010 carbon steel,2743.5,3.35,Good,,1.268,0.632,1930.2946646314022,1739.2862239922247
180,80,600,0,108.2,3040.82,0.629,0.625,AISI 1010 carbon steel,2802.1,3.85,Good,,1.254,0.625,2549.5025766539507,1720.021977840412
182,80,600,0,108.2,3153.0,0.636,0.633,AISI 1010 carbon steel,2765.0,3.49,Good,,1.269,0.633,2095.0039692294004,1742.038259156769
183,80,600,0,108.32,3040.25,0.634,0.629,AISI 1010 carbon steel,2783.0,3.63,Good,,1.263,0.629,2266.455759980532,1731.0301184985906
184,80,600,0,108.77,3078.48,0.637,0.633,AISI 1010 carbon steel,2731.5,3.29,Good,,1.27,0.633,1861.7689890342401,1742.038259156769
188,60,400,0,91.6,2933.14,0.64,0.617,AISI 1010 carbon steel,2908.6,3.22,Good,,1.257,0.617,1783.3875875040526,1698.0056965240544
189,60,400,0,91.17,3119.0,0.64,0.633,AISI 1010 carbon steel,2634.6,2.7,Bad,,1.273,0.633,1253.8960218456602,1742.038259156769
190,60,400,0,91.9,3344.14,0.642,0.636,AISI 1010 carbon steel,2766.2,3.03,Good,,1.278,0.636,1579.1349776355037,1750.294364650403
191,60,400,0,91.89,3352.87,0.64,0.637,AISI 1010 carbon steel,3056.3,3.4,Good,,1.277,0.637,1988.3454063835156,1753.046399814948
192,60,400,0,91.92,3598.8,0.646,0.634,AISI 1010 carbon steel,2737.5,3.19,Good,,1.28,0.634,1750.3115648701814,1744.7902943213132
193,60,400,0,91.98,2901.3,0.638,0.642,AISI 1010 carbon steel,2774.6,3.23,Good,,1.28,0.638,1794.4817292611233,1755.798434979492
194,60,400,0,91.87,3704.78,0.627,0.632,AISI 1010 carbon steel,2879.3,3.24,Good,,1.259,0.627,1805.6102714577507,1725.526048169501
195,60,400,0,92.05,3424.44,0.631,0.635,AISI 1010 carbon steel,2912.8,3.4,Good,,1.266,0.631,1988.3454063835156,1736.5341888276796
196,60,400,0,92.23,2727.75,0.617,0.627,AISI 1010 carbon steel,2608.9,3.53,Good,,1.244,0.617,2143.3021863671584,1698.0056965240544
199,60,400,0,91.8,3642.98,0.637,0.634,AISI 1010 carbon steel,2723.2,3.65,Good,,1.271,0.634,2291.499279977889,1744.7902943213132
203,60,400,0,92.71,3277.12,0.643,0.631,AISI 1010 carbon steel,2727.9,3.16,Good,,1.274,0.631,1717.5451461923217,1736.5341888276796
204,60,400,0,93.01,3031.75,0.638,0.639,AISI 1010 carbon steel,2714.2,3.5,Good,,1.277,0.638,2107.0269228545044,1755.798434979492
205,60,400,0,93.15,3342.08,0.642,0.635,AISI 1010 carbon steel,2933.7,3.41,Good,,1.277,0.635,2000.0587560526096,1747.5423294858583
210,60,400,0,92.98,3047.6,0.636,0.632,AISI 1010 carbon steel,2714.8,3.7,Good,,1.268,0.632,2354.710087663524,1739.2862239922247
211,60,400,0,92.93,2883.46,0.631,0.627,AISI 1010 carbon steel,2720.2,3.52,Good,,1.258,0.627,2131.176031423384,1725.526048169501
212,60,400,0,93.07,2519.95,0.626,0.629,AISI 1010 carbon steel,2719.6,3.25,Good,,1.255,0.626,1816.773214093935,1722.774013004956
217,60,400,0,93.27,2964.63,0.632,0.639,AISI 1010 carbon steel,2969.0,3.16,Good,,1.271,0.632,1717.5451461923217,1739.2862239922247
219,60,400,0,93.01,3140.98,0.621,0.632,AISI 1010 carbon steel,2748.3,3.38,Good,,1.253,0.621,1965.0219083639997,1709.013837182233
220,60,400,0,93.0,3292.3,0.633,0.631,AISI 1010 carbon steel,2604.1,3.22,Good,,1.264,0.631,1783.3875875040526,1736.5341888276796
221,60,400,0,93.02,3049.29,0.64,0.622,AISI 1010 carbon steel,2787.2,3.6,Good,,1.262,0.622,2229.148483281174,1711.7658723467775
222,60,400,0,93.15,3222.07,0.636,0.641,AISI 1010 carbon steel,2750.7,3.43,Good,,1.277,0.636,2023.588656709466,1750.294364650403
224,60,400,0,93.03,3401.76,0.614,0.628,AISI 1010 carbon steel,2649.6,3.6,Good,,1.242,0.614,2229.148483281174,1689.7495910304208
226,60,400,0,93.18,3308.46,0.641,0.633,AISI 1010 carbon steel,2729.7,3.02,Good,,1.274,0.633,1568.728844669569,1742.038259156769
227,60,400,0,93.19,3145.9,0.628,0.635,AISI 1010 carbon steel,2762.0,3.61,Good,,1.263,0.628,2241.549841741403,1728.2780833340457
228,60,400,0,92.91,3124.51,0.619,0.642,AISI 1010 carbon steel,2808.7,3.53,Good,,1.261,0.619,2143.3021863671584,1703.509766853144
229,60,400,0,92.56,3628.31,0.638,0.634,AISI 1010 carbon steel,2701.6,3.52,Good,,1.272,0.634,2131.176031423384,1744.7902943213132
231,60,400,0,92.65,3587.79,0.637,0.627,AISI 1010 carbon steel,2678.9,3.58,Good,,1.264,0.627,2204.448967679385,1725.526048169501
232,60,400,0,92.53,3023.8,0.638,0.629,AISI 1010 carbon steel,2620.3,3.24,Good,,1.267,0.629,1805.6102714577507,1731.0301184985906
233,60,400,0,92.69,2970.43,0.638,0.632,AISI 1010 carbon steel,2896.6,3.55,Good,,1.27,0.632,2167.6576975733788,1739.2862239922247
235,60,400,0,92.76,3707.1,0.628,0.634,AISI 1010 carbon steel,2616.7,3.07,Bad,,1.262,0.628,1621.1035138948096,1728.2780833340457
237,60,1000,15,75.28,3955.36,0.636,0.639,AISI 1010 carbon steel,3228.6,3.61,Good,,1.275,0.636,2241.549841741403,1750.294364650403
238,60,1000,15,77.54,3548.27,0.632,0.635,AISI 1010 carbon steel,3229.2,3.48,Good,,1.267,0.632,2083.015416043852,1739.2862239922247
239,60,1000,15,77.02,4210.64,0.624,0.625,AISI 1010 carbon steel,3216.0,3.66,Good,,1.249,0.624,2304.072640635902,1717.2699426758668
240,60,1000,15,76.94,3456.43,0.634,0.633,AISI 1010 carbon steel,3232.8,3.5,Good,,1.267,0.633,2107.0269228545044,1742.038259156769
241,60,1000,15,76.65,2924.33,0.638,0.634,AISI 1010 carbon steel,3219.6,3.46,Good,,1.272,0.634,2059.1415109914274,1744.7902943213132
243,60,1000,15,75.25,3474.3,0.627,0.637,AISI 1010 carbon steel,3228.6,3.85,Good,,1.264,0.627,2549.5025766539507,1725.526048169501
244,60,1000,15,73.97,4443.18,0.639,0.639,AISI 1010 carbon steel,3242.3,4.57,Good,,1.278,0.639,3592.248700499922,1758.5504701440373
245,60,1000,15,73.41,3506.82,0.641,0.633,AISI 1010 carbon steel,3124.5,3.66,Good,,1.274,0.633,2304.072640635902,1742.038259156769
246,60,1000,15,73.37,3528.34,0.64,0.63,AISI 1010 carbon steel,3039.0,3.33,Good,,1.27,0.63,1907.3151710074544,1733.782153663135
247,60,1000,15,76.31,3842.87,0.644,0.631,AISI 1010 carbon steel,3242.3,3.55,Good,,1.275,0.631,2167.6576975733788,1736.5341888276796
248,60,1000,15,77.18,3952.31,0.635,0.635,AISI 1010 carbon steel,3121.5,3.52,Good,,1.27,0.635,2131.176031423384,1747.5423294858583
249,60,1000,15,75.67,3490.11,0.631,0.635,AISI 1010 carbon steel,3172.9,4.19,Good,,1.266,0.631,3019.687784516406,1736.5341888276796
252,60,1000,15,-99.0,-99.0,0.639,0.633,AISI 1010 carbon steel,3168.2,3.39,Good,Communication error,1.272,0.633,1976.6664571539795,1742.038259156769
255,60,1000,15,73.29,4144.76,0.63,0.64,AISI 1010 carbon steel,3167.0,3.3,Good,,1.27,0.63,1873.103933868208,1733.782153663135
256,60,1000,15,73.32,3518.57,0.623,0.632,AISI 1010 carbon steel,3016.2,3.54,Good,,1.255,0.623,2155.4627417504903,1714.5179075113228
257,60,1000,15,73.53,4023.05,0.633,0.629,AISI 1010 carbon steel,3163.4,3.29,Good,,1.262,0.629,1861.7689890342401,1731.0301184985906
258,60,1000,15,73.4,3812.32,0.641,0.637,AISI 1010 carbon steel,3188.5,3.9,Good,,1.278,0.637,2616.153428295266,1753.046399814948
259,60,1000,15,73.27,3653.35,0.635,0.633,AISI 1010 carbon steel,3056.6,3.36,Good,,1.268,0.633,1941.836012102711,1742.038259156769
260,60,1000,15,73.43,4362.31,0.633,0.626,AISI 1010 carbon steel,3098.8,3.61,Good,,1.259,0.626,2241.549841741403,1722.774013004956
261,60,1000,15,73.6,3674.48,0.633,0.631,AISI 1010 carbon steel,3013.7,3.57,Good,,1.264,0.631,2192.150810537826,1736.5341888276796
263,60,1000,15,73.95,3776.05,0.63,0.646,AISI 1010 carbon steel,3056.3,3.98,Good,,1.276,0.63,2724.5836137783263,1733.782153663135
264,60,1000,15,74.08,3758.25,0.636,0.638,AISI 1010 carbon steel,3226.8,3.72,Good,,1.274,0.636,2380.2352138146757,1750.294364650403
265,60,1000,15,74.04,4658.6,0.637,0.637,AISI 1010 carbon steel,3152.0,3.7,Good,,1.274,0.637,2354.710087663524,1753.046399814948
268,60,1000,15,74.11,4072.34,0.641,0.639,AISI 1010 carbon steel,3053.3,3.68,Good,,1.28,0.639,2329.3225632705994,1758.5504701440373
269,60,1000,15,74.06,3901.51,0.643,0.642,AISI 1010 carbon steel,3220.8,3.62,Good,,1.285,0.642,2253.985600641189,1766.8065756376711
271,60,1000,15,77.74,4452.85,0.647,0.64,AISI 1010 carbon steel,3151.2,3.65,Good,,1.287,0.64,2291.499279977889,1761.3025053085817
272,60,1000,15,78.69,4125.22,0.638,0.631,AISI 1010 carbon steel,3160.4,3.57,Good,,1.269,0.631,2192.150810537826,1736.5341888276796
274,60,1000,15,80.22,3699.67,0.622,0.618,AISI 1010 carbon steel,3089.2,3.76,Good,,1.24,0.618,2431.6982713916605,1700.757731688599
275,60,1000,15,79.86,4069.81,0.611,0.62,AISI 1010 carbon steel,3053.9,3.67,Good,,1.231,0.611,2316.680401733472,1681.4934855367865
278,60,1000,15,79.73,3791.51,0.62,0.621,AISI 1010 carbon steel,2922.3,3.68,Good,,1.241,0.62,2329.3225632705994,1706.2618020176888
281,60,1000,15,77.69,4528.68,0.617,0.62,AISI 1010 carbon steel,3117.3,3.68,Good,,1.237,0.617,2329.3225632705994,1698.0056965240544
282,60,1000,15,77.07,3727.46,0.622,0.612,AISI 1010 carbon steel,3001.9,4.24,Good,,1.234,0.612,3092.186710882379,1684.2455207013315
284,60,1000,15,76.72,3778.78,0.624,0.619,AISI 1010 carbon steel,3107.1,3.28,Good,,1.243,0.619,1850.4684446398282,1703.509766853144
285,60,1000,15,76.57,4481.34,0.627,0.63,AISI 1010 carbon steel,3155.6,3.55,Good,,1.257,0.627,2167.6576975733788,1725.526048169501
286,60,800,15,74.76,4577.79,0.623,0.62,AISI 1010 carbon steel,3136.5,3.99,Good,,1.243,0.62,2738.2921889417144,1706.2618020176888
289,60,800,15,74.79,3642.51,0.629,0.629,AISI 1010 carbon steel,3135.3,3.73,Good,,1.258,0.629,2393.0493775495866,1731.0301184985906
290,60,800,15,75.17,3682.89,0.625,0.628,AISI 1010 carbon steel,3175.3,3.66,Good,,1.253,0.625,2304.072640635902,1720.021977840412
291,60,800,15,75.27,4413.27,0.628,0.623,AISI 1010 carbon steel,3250.1,4.03,Good,,1.251,0.623,2793.470493990835,1714.5179075113228
292,60,800,15,75.04,4022.19,0.633,0.628,AISI 1010 carbon steel,2828.4,3.43,Good,,1.261,0.628,2023.588656709466,1728.2780833340457
293,60,800,15,75.01,3307.94,0.62,0.615,AISI 1010 carbon steel,2806.9,3.34,Good,,1.235,0.615,1918.7877175996496,1692.5016261949654
294,60,800,15,74.94,3094.08,0.621,0.621,AISI 1010 carbon steel,3050.9,3.68,Good,,1.242,0.621,2329.3225632705994,1709.013837182233
296,60,800,15,74.9,3263.44,0.629,0.623,AISI 1010 carbon steel,3152.6,3.56,Good,,1.252,0.623,2179.8870538358246,1714.5179075113228
297,60,800,15,74.82,3017.54,0.622,0.622,AISI 1010 carbon steel,3016.2,3.73,Good,,1.244,0.622,2393.0493775495866,1711.7658723467775
299,60,800,15,75.21,3427.45,0.631,0.615,AISI 1010 carbon steel,3039.6,3.3,Good,,1.246,0.615,1873.103933868208,1692.5016261949654
300,60,800,15,80.69,4852.11,0.613,0.622,AISI 1010 carbon steel,2746.5,3.87,Good,,1.235,0.613,2576.0597159918066,1686.9975558658762
301,60,800,15,80.89,3454.44,0.62,0.62,AISI 1010 carbon steel,3017.4,3.57,Good,,1.24,0.62,2192.150810537826,1706.2618020176888
302,60,800,15,80.49,3502.9,0.631,0.625,AISI 1010 carbon steel,3061.1,3.72,Good,,1.256,0.625,2380.2352138146757,1720.021977840412
305,60,800,15,81.25,3508.78,0.628,0.62,AISI 1010 carbon steel,3114.3,3.7,Good,,1.248,0.62,2354.710087663524,1706.2618020176888
306,60,800,15,80.29,3571.94,0.629,0.627,AISI 1010 carbon steel,3104.8,3.59,Good,,1.256,0.627,2216.781525260501,1725.526048169501
307,60,800,15,79.88,3543.42,0.631,0.62,AISI 1010 carbon steel,2866.1,3.67,Good,,1.251,0.62,2316.680401733472,1706.2618020176888
308,60,800,15,79.81,3138.79,0.621,0.627,AISI 1010 carbon steel,3196.9,3.65,Explode,,1.248,0.621,2291.499279977889,1709.013837182233
310,60,800,15,78.65,3182.32,0.627,0.62,AISI 1010 carbon steel,3073.7,3.39,Good,,1.247,0.62,1976.6664571539795,1706.2618020176888
311,60,800,15,78.62,3119.0,0.631,0.632,AISI 1010 carbon steel,2978.0,3.65,Good,,1.263,0.631,2291.499279977889,1736.5341888276796
313,60,800,15,78.71,3510.74,0.632,0.63,AISI 1010 carbon steel,3236.9,3.45,Good,,1.262,0.63,2047.25615912455,1733.782153663135
314,60,800,15,78.09,3709.42,0.63,0.624,AISI 1010 carbon steel,3062.3,3.72,Good,,1.254,0.624,2380.2352138146757,1717.2699426758668
318,60,800,15,78.07,3403.28,0.633,0.632,AISI 1010 carbon steel,3132.3,3.74,Good,,1.265,0.632,2405.897941724055,1739.2862239922247
320,60,800,15,82.81,3507.8,0.632,0.632,AISI 1010 carbon steel,3012.0,3.8,Good,,1.264,0.632,2483.7117360015545,1739.2862239922247
324,60,800,15,79.24,3432.96,0.632,0.624,AISI 1010 carbon steel,3025.2,3.58,Explode,,1.256,0.624,2204.448967679385,1717.2699426758668
325,60,800,15,79.07,3589.71,0.638,0.628,AISI 1010 carbon steel,3015.0,3.54,Good,,1.266,0.628,2155.4627417504903,1728.2780833340457
328,60,800,15,78.92,3274.49,0.621,0.629,AISI 1010 carbon steel,3037.2,3.6,Good,,1.25,0.621,2229.148483281174,1709.013837182233
331,60,800,15,83.46,3518.08,0.625,0.629,AISI 1010 carbon steel,3091.0,3.42,Good,,1.254,0.625,2011.806506161259,1720.021977840412
332,60,800,15,82.25,3570.01,0.63,0.633,AISI 1010 carbon steel,2835.0,3.57,Good,,1.263,0.63,2192.150810537826,1733.782153663135
333,60,800,15,81.8,4235.89,0.628,0.644,AISI 1010 carbon steel,3069.5,3.8,Good,,1.272,0.628,2483.7117360015545,1728.2780833340457
335,60,800,15,80.3,3455.44,0.626,0.623,AISI 1010 carbon steel,3113.1,3.45,Good,,1.249,0.623,2047.25615912455,1714.5179075113228
336,60,600,15,89.19,4297.96,0.624,0.627,AISI 1010 carbon steel,2948.0,3.22,Good,,1.251,0.624,1783.3875875040526,1717.2699426758668
338,60,600,15,89.22,4321.11,0.625,0.621,AISI 1010 carbon steel,2817.7,3.23,Good,,1.246,0.621,1794.4817292611233,1709.013837182233
339,60,600,15,89.33,3782.88,0.636,0.62,AISI 1010 carbon steel,2647.8,3.48,Good,,1.256,0.62,2083.015416043852,1706.2618020176888
342,60,600,15,89.7,3726.99,0.629,0.63,AISI 1010 carbon steel,3108.3,3.69,Good,,1.259,0.629,2341.999125247283,1731.0301184985906
346,60,600,15,90.18,3570.01,0.629,0.615,AISI 1010 carbon steel,3032.4,3.56,Good,,1.244,0.615,2179.8870538358246,1692.5016261949654
348,60,600,15,91.64,4181.53,0.627,0.625,AISI 1010 carbon steel,3096.4,3.34,Good,,1.252,0.625,1918.7877175996496,1720.021977840412
349,60,600,15,92.26,3510.74,0.626,0.622,AISI 1010 carbon steel,3088.6,3.54,Explode,,1.248,0.622,2155.4627417504903,1711.7658723467775
350,60,600,15,91.81,3526.39,0.626,0.622,AISI 1010 carbon steel,2854.1,3.52,Good,,1.248,0.622,2131.176031423384,1711.7658723467775
352,60,600,15,92.07,3950.14,0.619,0.624,AISI 1010 carbon steel,2754.3,3.56,Good,,1.243,0.619,2179.8870538358246,1703.509766853144
355,60,600,15,94.45,3395.69,0.622,0.622,AISI 1010 carbon steel,2821.2,3.17,Good,,1.244,0.622,1728.4328853120514,1711.7658723467775
358,60,600,15,94.64,4211.05,0.618,0.613,AISI 1010 carbon steel,2730.3,3.19,Good,,1.231,0.613,1750.3115648701814,1686.9975558658762
359,60,600,15,93.85,4254.52,0.622,0.623,AISI 1010 carbon steel,2788.4,3.48,Good,,1.245,0.622,2083.015416043852,1711.7658723467775
361,60,600,15,94.74,3834.81,0.62,0.615,AISI 1010 carbon steel,2611.3,3.26,Good,,1.235,0.615,1827.9705571696757,1692.5016261949654
362,60,600,15,94.99,4235.89,0.637,0.633,AISI 1010 carbon steel,2840.4,3.58,Good,,1.27,0.633,2204.448967679385,1742.038259156769
363,60,600,15,94.9,3548.27,0.621,0.614,AISI 1010 carbon steel,2780.6,3.54,Good,,1.235,0.614,2155.4627417504903,1689.7495910304208
364,60,600,15,95.1,4541.95,0.628,0.624,AISI 1010 carbon steel,3040.8,3.49,Good,,1.252,0.624,2095.0039692294004,1717.2699426758668
367,60,600,15,94.74,4493.22,0.625,0.639,AISI 1010 carbon steel,3080.2,3.42,Good,,1.264,0.625,2011.806506161259,1720.021977840412
370,60,600,15,94.39,4167.94,0.625,0.624,AISI 1010 carbon steel,2976.2,3.43,Good,,1.249,0.624,2023.588656709466,1717.2699426758668
371,60,600,15,93.65,3787.88,0.621,0.631,AISI 1010 carbon steel,2979.2,3.37,Explode,,1.252,0.621,1953.4117600135774,1709.013837182233
372,60,600,15,93.23,4590.92,0.631,0.627,AISI 1010 carbon steel,3054.5,3.65,Good,,1.258,0.627,2291.499279977889,1725.526048169501
374,60,600,15,93.57,4234.67,0.622,0.613,AISI 1010 carbon steel,3097.6,3.43,Explode,,1.235,0.613,2023.588656709466,1686.9975558658762
376,60,600,15,93.84,3749.08,0.619,0.634,AISI 1010 carbon steel,3033.0,3.3,Good,,1.253,0.619,1873.103933868208,1703.509766853144
377,60,600,15,94.24,3736.67,0.618,0.626,AISI 1010 carbon steel,3139.4,4.02,Good,,1.244,0.618,2779.6243170692183,1700.757731688599
379,60,600,15,94.96,4176.6,0.625,0.618,AISI 1010 carbon steel,3140.0,3.93,Good,,1.243,0.618,2656.5567445547376,1700.757731688599
380,60,600,15,95.1,4417.17,0.627,0.622,AISI 1010 carbon steel,3222.6,3.26,Good,,1.249,0.622,1827.9705571696757,1711.7658723467775
382,60,600,15,95.53,3630.68,0.613,0.623,AISI 1010 carbon steel,2969.0,3.68,Good,,1.236,0.613,2329.3225632705994,1686.9975558658762
384,60,600,15,95.61,3330.22,0.636,0.616,AISI 1010 carbon steel,3160.4,3.41,Good,,1.252,0.616,2000.0587560526096,1695.2536613595103
385,60,600,15,94.93,3454.44,0.619,0.623,AISI 1010 carbon steel,3131.7,3.47,Explode,,1.242,0.619,2071.0612632978614,1703.509766853144
387,60,400,15,95.4,3564.23,0.625,0.621,AISI 1010 carbon steel,3050.3,3.7,Good,,1.246,0.621,2354.710087663524,1709.013837182233
388,60,400,15,95.29,3481.22,0.626,0.622,AISI 1010 carbon steel,3063.5,3.98,Good,,1.248,0.622,2724.5836137783263,1711.7658723467775
390,60,400,15,95.18,3963.18,0.626,0.62,AISI 1010 carbon steel,2961.2,3.48,Good,,1.246,0.62,2083.015416043852,1706.2618020176888
391,60,400,15,95.19,3868.3,0.619,0.647,AISI 1010 carbon steel,2957.0,3.62,Explode,,1.266,0.619,2253.985600641189,1703.509766853144
392,60,400,15,95.25,4134.79,0.632,0.622,AISI 1010 carbon steel,3040.2,3.31,Good,,1.254,0.622,1884.4732791417337,1711.7658723467775
394,60,400,15,95.52,3320.39,0.626,0.622,AISI 1010 carbon steel,2672.3,3.36,Good,,1.248,0.622,1941.836012102711,1711.7658723467775
397,60,400,15,95.04,3112.93,0.621,0.622,AISI 1010 carbon steel,3049.1,3.12,Good,,1.243,0.621,1674.3381941089706,1709.013837182233
399,60,400,15,94.83,3905.47,0.617,0.624,AISI 1010 carbon steel,2870.9,3.48,Good,,1.241,0.617,2083.015416043852,1698.0056965240544
400,60,400,15,94.56,3651.47,0.613,0.608,AISI 1010 carbon steel,1775.7,2.37,Bad,,1.221,0.608,966.1191447331809,1673.2373800431526
404,60,400,15,94.53,3392.65,0.628,0.613,AISI 1010 carbon steel,3030.6,3.26,Good,,1.241,0.613,1827.9705571696757,1686.9975558658762
407,60,400,15,94.9,3500.93,0.624,0.628,AISI 1010 carbon steel,2927.1,3.65,Good,,1.252,0.624,2291.499279977889,1717.2699426758668
409,60,400,15,95.08,2991.2,0.622,0.628,AISI 1010 carbon steel,2817.7,3.16,Good,,1.25,0.622,1717.5451461923217,1711.7658723467775
410,60,400,15,95.08,3176.92,0.634,0.623,AISI 1010 carbon steel,3015.0,3.94,Good,,1.257,0.623,2670.0933175203413,1714.5179075113228
411,60,400,15,95.25,3013.54,0.625,0.63,AISI 1010 carbon steel,3111.9,4.05,Good,,1.255,0.625,2821.2660491527354,1720.021977840412
413,60,400,15,95.48,2968.69,0.627,0.628,AISI 1010 carbon steel,2726.7,2.9,Good,,1.255,0.627,1446.5384833637863,1725.526048169501
416,60,400,15,95.86,2936.65,0.633,0.629,AISI 1010 carbon steel,2863.7,3.44,Good,,1.262,0.629,2035.4052076972296,1731.0301184985906
418,60,400,15,95.88,3014.11,0.636,0.623,AISI 1010 carbon steel,2846.4,3.4,Good,,1.259,0.623,1988.3454063835156,1714.5179075113228
419,60,400,15,95.69,2987.75,0.624,0.623,AISI 1010 carbon steel,2795.5,3.47,Good,,1.247,0.623,2071.0612632978614,1714.5179075113228
422,60,400,15,95.81,2655.54,0.626,0.63,AISI 1010 carbon steel,2899.0,3.11,Explode,,1.256,0.626,1663.6224571870243,1722.774013004956
423,60,400,15,95.84,2614.42,0.628,0.626,AISI 1010 carbon steel,2836.8,3.59,Good,,1.254,0.626,2216.781525260501,1722.774013004956
424,60,400,15,95.96,2994.65,0.623,0.623,AISI 1010 carbon steel,1793.7,2.59,Explode,,1.246,0.623,1153.8079429551262,1714.5179075113228
426,60,400,15,96.24,3444.47,0.634,0.617,AISI 1010 carbon steel,2955.8,3.42,Good,,1.251,0.617,2011.806506161259,1698.0056965240544
430,60,400,15,96.05,3091.3,0.61,0.644,AISI 1010 carbon steel,2766.2,3.29,Good,,1.254,0.61,1861.7689890342401,1678.7414503722418
440,60,1200,15,95.04,3106.84,0.631,0.632,AISI 1010 carbon steel,3222.6,3.81,Good,,1.263,0.631,2496.80110325292,1736.5341888276796
441,60,1200,15,94.89,3229.54,0.618,0.618,AISI 1010 carbon steel,3156.2,3.88,Good,,1.236,0.618,2589.3898863200693,1700.757731688599
442,60,1200,15,94.9,3394.17,0.624,0.631,AISI 1010 carbon steel,3158.6,3.58,Good,,1.255,0.624,2204.448967679385,1717.2699426758668
443,60,1200,15,94.98,3890.91,0.638,0.626,AISI 1010 carbon steel,2863.7,3.94,Good,,1.264,0.626,2670.0933175203413,1722.774013004956
448,60,1200,15,95.27,3647.7,0.621,0.62,AISI 1010 carbon steel,3164.0,3.72,Good,,1.241,0.62,2380.2352138146757,1706.2618020176888
449,60,1200,15,95.42,3725.61,0.615,0.61,AISI 1010 carbon steel,2976.8,3.66,Good,,1.225,0.61,2304.072640635902,1678.7414503722418
450,60,1200,15,95.62,3594.02,0.619,0.617,AISI 1010 carbon steel,3116.1,3.52,Good,,1.236,0.617,2131.176031423384,1698.0056965240544
451,60,1200,15,95.72,3043.08,0.622,0.614,AISI 1010 carbon steel,3158.0,3.66,Good,,1.236,0.614,2304.072640635902,1689.7495910304208
452,60,1200,15,95.62,3031.75,0.619,0.626,AISI 1010 carbon steel,2897.8,3.63,Good,,1.245,0.619,2266.455759980532,1703.509766853144
453,60,1200,15,95.61,3662.76,0.614,0.616,AISI 1010 carbon steel,3152.6,4.48,Good,,1.23,0.614,3452.1529104048204,1689.7495910304208
454,60,1200,15,95.61,3040.82,0.62,0.612,AISI 1010 carbon steel,3080.2,3.71,Good,,1.232,0.612,2367.455450519321,1684.2455207013315
455,60,1200,15,95.64,3435.97,0.624,0.612,AISI 1010 carbon steel,2927.7,3.86,Good,,1.236,0.612,2562.7639461031,1684.2455207013315
456,60,1200,15,95.74,3401.76,0.616,0.621,AISI 1010 carbon steel,3049.1,4.44,Good,,1.237,0.616,3390.7825262354745,1695.2536613595103
463,60,1200,15,96.28,3206.02,0.623,0.627,AISI 1010 carbon steel,3186.7,4.06,Good,,1.25,0.623,2835.2154273930205,1714.5179075113228
464,60,1200,15,96.28,3085.18,0.666,0.619,AISI 1010 carbon steel,3070.1,3.65,Good,,1.285,0.619,2291.499279977889,1703.509766853144
467,60,1200,0,97.32,4214.72,0.621,0.631,AISI 1010 carbon steel,2979.2,3.75,Good,,1.252,0.621,2418.780906338079,1709.013837182233
469,60,1200,0,96.79,4293.96,0.621,0.625,AISI 1010 carbon steel,2937.9,3.57,Good,,1.246,0.621,2192.150810537826,1709.013837182233
470,60,1200,0,97.29,4226.13,0.634,0.625,AISI 1010 carbon steel,3028.8,3.38,Good,,1.259,0.625,1965.0219083639997,1720.021977840412
472,60,1200,0,97.79,3940.55,0.616,0.629,AISI 1010 carbon steel,2730.3,2.93,Good,,1.245,0.616,1476.6216677562152,1695.2536613595103
476,60,1200,0,97.92,3369.24,0.627,0.616,AISI 1010 carbon steel,2835.0,4.12,Good,,1.243,0.616,2919.6341060654286,1695.2536613595103
477,60,1200,0,98.26,3954.05,0.624,0.621,AISI 1010 carbon steel,2878.7,3.89,Good,,1.245,0.621,2602.75445708789,1709.013837182233
478,60,1200,0,98.02,2591.95,0.631,0.617,AISI 1010 carbon steel,1720.7,2.62,Explode,,1.248,0.617,1180.6918864687725,1698.0056965240544
480,60,1200,0,98.49,2308.35,0.624,0.626,AISI 1010 carbon steel,1410.3,1.9,Bad,,1.25,0.624,620.9279340003886,1717.2699426758668
483,60,1200,0,97.35,3971.85,0.63,0.628,AISI 1010 carbon steel,2978.6,3.93,Good,,1.258,0.628,2656.5567445547376,1728.2780833340457
484,60,1200,0,97.67,4474.81,0.629,0.62,AISI 1010 carbon steel,2925.3,3.6,Good,,1.249,0.62,2229.148483281174,1706.2618020176888
485,60,1200,0,97.17,5009.43,0.623,0.625,AISI 1010 carbon steel,2426.5,3.96,Good,,1.248,0.623,2697.26966477022,1714.5179075113228
492,60,1200,0,98.07,3601.67,0.666,0.633,AISI 1010 carbon steel,3105.4,4.35,Good,,1.299,0.633,3254.7115875685186,1742.038259156769
493,60,1200,0,97.09,4161.74,0.615,0.619,AISI 1010 carbon steel,2730.3,3.58,Good,,1.234,0.615,2204.448967679385,1692.5016261949654
495,60,1200,0,97.9,3914.27,0.631,0.621,AISI 1010 carbon steel,3100.0,3.56,Good,,1.252,0.621,2179.8870538358246,1709.013837182233
